"Date","Region6positives","Region6tests","Region6noUIpositives","Region6noUItests","Region6noUIpositivity","Region6noUIavgPositivity","ChampaignCoPositives","ChampaignCoTests","UIpositives","UItests","ChampaignCoNoUIpositives","ChampaignCoNoUItests","ChampaignCoNoUIpositivity","ChampaignCoNoUIavgPositivity","stateWarningLevel","StatePositives","StateTests","StatePositivityWithUItests","StatePositivesNoUI","StateTestsNoUI","StatePositivityWithNoUI","Positivity_Difference","Tweet"
2020-06-11,21,1224,21,1224,0.017156862745098,NA,11,608,0,0,11,608,0.0180921052631579,NA,0.08,766,22325,NA,766,22325,NA,NA,NA
2020-06-12,20,1012,20,1012,0.0197628458498024,NA,14,407,0,0,14,407,0.0343980343980344,NA,0.08,732,24911,NA,732,24911,NA,NA,NA
2020-06-13,22,1383,22,1383,0.0159074475777296,NA,11,660,0,0,11,660,0.0166666666666667,NA,0.08,673,21844,NA,673,21844,NA,NA,NA
2020-06-14,8,904,8,904,0.00884955752212389,NA,4,264,0,0,4,264,0.0151515151515152,NA,0.08,672,22040,NA,672,22040,NA,NA,NA
2020-06-15,9,722,9,722,0.0124653739612188,NA,2,370,0,0,2,370,0.00540540540540541,NA,0.08,473,18627,NA,473,18627,NA,NA,NA
2020-06-16,32,1265,32,1265,0.025296442687747,NA,13,427,0,0,13,427,0.0304449648711944,NA,0.08,623,18729,NA,623,18729,NA,NA,NA
2020-06-17,22,1739,22,1739,0.0126509488211616,0.0162443932597891,6,813,0,0,6,813,0.00738007380073801,0.0171879402648633,0.08,546,29987,0.0283031370099014,546,29987,0.0283031370099014,0,NA
2020-06-18,14,2592,14,2592,0.00540123456790123,0.01320578142872,4,786,0,0,4,786,0.00508905852417303,0.0144888650389053,0.08,593,25504,0.0266762351369075,593,25504,0.0266762351369075,0,NA
2020-06-19,19,2149,19,2149,0.00884132154490461,0.0117165705783894,7,800,0,0,7,800,0.00875,0.0114077669902913,0.08,831,27310,0.02688961905865,831,27310,0.02688961905865,0,NA
2020-06-20,12,1044,12,1044,0.0114942528735632,0.0111377820451272,6,318,0,0,6,318,0.0188679245283019,0.0111169931180519,0.08,634,25965,0.0259987393109026,634,25965,0.0259987393109026,0,NA
2020-06-21,23,1220,23,1220,0.0188524590163934,0.0122076227751375,9,569,0,0,9,569,0.015817223198594,0.0115111437668381,0.08,658,23816,0.0256446468712119,658,23816,0.0256446468712119,0,NA
2020-06-22,21,1014,21,1014,0.0207100591715976,0.0129728748979407,10,439,0,0,10,439,0.0227790432801822,0.0132466281310212,0.08,462,18219,0.0256414793841798,462,18219,0.0256414793841798,0,NA
2020-06-23,32,2233,32,2233,0.0143304970891178,0.0119256108748228,17,789,0,0,17,789,0.0215462610899873,0.013070447496677,0.08,601,20507,0.0252469236696477,601,20507,0.0252469236696477,0,NA
2020-06-24,29,2189,29,2189,0.0132480584741891,0.0120569086086327,12,670,0,0,12,670,0.017910447761194,0.0148707389613361,0.08,715,29331,0.026334294353421,715,29331,0.026334294353421,0,NA
2020-06-25,35,1745,35,1745,0.0200573065902579,0.0147490081076419,15,776,0,0,15,776,0.0193298969072165,0.0174271955973401,0.08,894,31686,0.0271158261420315,894,31686,0.0271158261420315,0,NA
2020-06-26,24,1739,24,1739,0.0138010350776308,0.0157367668097282,15,996,0,0,15,996,0.0150602409638554,0.0184331797235023,0.08,910,30478,0.0270774769169231,910,30478,0.0270774769169231,0,NA
2020-06-27,38,2516,38,2516,0.0151033386327504,0.015960809102402,13,1074,0,0,13,1074,0.0121042830540037,0.0171277997364954,0.08,786,30237,0.0272746019514419,786,30237,0.0272746019514419,0,NA
2020-06-28,19,1602,19,1602,0.0118601747815231,0.0151863782788771,9,473,0,0,9,473,0.0190274841437632,0.0174429748897834,0.08,646,23789,0.0272134688760197,646,23789,0.0272134688760197,0,NA
2020-06-29,22,2077,22,2077,0.0105922002888782,0.0141124742926034,8,838,0,0,8,838,0.00954653937947494,0.0158475783475783,0.08,738,26918,0.0274169975018917,738,26918,0.0274169975018917,0,NA
2020-06-30,35,1425,35,1425,0.0245614035087719,0.0151959678026029,21,500,0,0,21,500,0.042,0.0174582316500845,0.08,724,31069,0.0265984629596871,724,31069,0.0265984629596871,0,NA
2020-07-01,39,1826,39,1826,0.0213581599123768,0.0163959783449343,32,822,0,0,32,822,0.0389294403892944,0.0206242014966235,0.08,828,33090,0.0266612630085831,828,33090,0.0266612630085831,0,NA
2020-07-02,45,2368,45,2368,0.0190033783783784,0.0163801372389877,19,1112,0,0,19,1112,0.0170863309352518,0.0201203783319003,0.08,869,30262,0.0267242510068353,869,30262,0.0267242510068353,0,NA
2020-07-03,42,1852,42,1852,0.0226781857451404,0.0175618322845017,23,1102,0,0,23,1102,0.0208711433756806,0.0211112987671002,0.08,937,34387,0.0263549334452115,937,34387,0.0263549334452115,0,NA
2020-07-04,36,1716,36,1716,0.020979020979021,0.0184983677910773,23,1046,0,0,23,1046,0.0219885277246654,0.0229085355506533,0.08,862,33836,0.0262665747992744,862,33836,0.0262665747992744,0,NA
2020-07-05,25,1550,25,1550,0.0161290322580645,0.0190416731699703,12,548,0,0,12,548,0.0218978102189781,0.0231233243967828,0.08,639,27235,0.0258167779074434,639,27235,0.0258167779074434,0,NA
2020-07-06,28,1313,28,1313,0.0213252094440213,0.020746887966805,12,467,0,0,12,467,0.0256959314775161,0.0253707343219582,0.08,614,21134,0.0259367906242743,614,21134,0.0259367906242743,0,NA
2020-07-07,55,2090,55,2090,0.0263157894736842,0.0212347620920173,25,1025,0,0,25,1025,0.024390243902439,0.0238484155504737,0.08,587,26994,0.0257855009713054,587,26994,0.0257855009713054,0,NA
2020-07-08,32,2077,32,1693,0.0189013585351447,0.0209028771260531,15,903,0,381,15,522,0.028735632183908,0.0221573342493988,0.08,980,32742,0.0265646933539862,980,32361,0.0266137753444321,4.90819904459469e-05,NA
2020-07-09,47,2141,46,1966,0.0233977619532045,0.0216748768472906,7,806,1,172,6,634,0.00946372239747634,0.0217065868263473,0.08,1018,36180,0.0265260601953809,1017,36008,0.0265905498808709,6.44896854900615e-05,NA
2020-07-10,56,3200,55,2212,0.0248643761301989,0.0220893141945774,23,1712,1,966,22,746,0.0294906166219839,0.0230553327987169,0.08,1327,32997,0.0285480158015896,1326,32031,0.0287453661515561,0.000197350349966437,NA
2020-07-11,28,2014,28,1657,0.0168980084490042,0.0215527601954972,8,746,0,346,8,400,0.02,0.0230308613542146,0.08,1195,32345,0.0303396031999695,1195,31999,0.0306023238128243,0.000262720612854817,NA
2020-07-12,4,386,4,385,0.0103896103896104,0.0219158713326264,1,51,0,1,1,50,0.02,0.02315296566077,0.08,954,38894,0.0301645833898213,954,38893,0.0304119952602315,0.000247411870410205,NA
2020-07-13,15,1511,9,566,0.0159010600706714,0.0216671397483206,6,945,6,922,0,23,0,0.0226470588235294,0.08,883,30012,0.0301697919744182,877,29090,0.0305045387375976,0.000334746763179395,NA
2020-07-14,58,3012,56,2400,0.0233333333333333,0.0211416490486258,30,1638,2,596,28,1042,0.0268714011516315,0.0234123500146327,0.08,707,28446,0.0304987565625864,705,27850,0.0309071471134635,0.000408390550877144,NA
2020-07-15,66,3497,66,3369,0.0195903829029386,0.0210274790919952,33,1623,0,123,33,1500,0.022,0.0222980659840728,0.08,1187,38161,0.0306747948615183,1187,38038,0.0310419864135198,0.000367191552001447,NA
2020-07-16,102,4690,96,4072,0.0235756385068762,0.0214173658004229,58,2693,6,595,52,2098,0.0247855100095329,0.0245775729646697,0.08,1257,43006,0.0307962322798644,1251,42411,0.0311886214587703,0.000392389178905914,NA
2020-07-17,131,4602,122,3597,0.0339171531832082,0.0237442353234451,60,2927,9,983,51,1944,0.0262345679012346,0.0245146662887913,0.08,1427,43735,0.0298901409667752,1418,42752,0.0302231180761095,0.000332977109334311,NA
2020-07-18,32,1095,32,1095,0.0292237442922374,0.0248643761301989,10,473,0,0,10,473,0.0211416490486258,0.0245441795231417,0.08,1276,46099,0.0286600112538336,1276,46099,0.0289213338211388,0.000261322567305253,NA
2020-07-19,115,3397,115,3397,0.0338534000588755,0.0268166089965398,51,1702,0,0,51,1702,0.0299647473560517,0.0256205875654748,0.08,965,32113,0.029445047635068,965,32113,0.0297228985148227,0.000277850879754769,NA
2020-07-20,56,2171,56,2070,0.0270531400966184,0.02715,26,1139,0,98,26,1041,0.0249759846301633,0.0256122448979592,0.08,1173,34598,0.0300272770309365,1173,34500,0.0302354765452319,0.000208199514295383,NA
2020-07-21,82,3111,79,2107,0.0374940673943996,0.0287207591211245,42,1806,3,962,39,844,0.0462085308056872,0.0272859820870652,0.08,955,29745,0.030808690742811,952,28783,0.031062048538701,0.000253357795890006,NA
2020-07-22,88,3396,86,2850,0.0301754385964912,0.0305399207838232,19,1429,2,530,17,899,0.0189098998887653,0.0273302966337074,0.08,1598,39633,0.0321683418299997,1596,39103,0.0324765484777676,0.000308206647767879,NA
2020-07-23,83,3204,75,2577,0.0291036088474971,0.0319335330356638,30,1628,7,611,23,1017,0.0226155358898722,0.0273989898989899,0.08,1624,39706,0.0339496064059271,1617,39095,0.0342814684981615,0.000331862092234458,NA
2020-07-24,95,3197,86,2605,0.0330134357005758,0.0316747500149692,43,1673,9,575,34,1098,0.0309653916211293,0.0282725473565168,0.08,1599,44397,0.03451111753683,1590,43822,0.034794983207787,0.00028386567095702,NA
2020-07-25,104,2694,97,2177,0.0445567294441893,0.0334026879604116,30,1313,6,501,24,812,0.0295566502463054,0.0288682045055983,0.08,1426,38200,0.0361466299266231,1420,37699,0.0365051055406385,0.000358475614015419,NA
2020-07-26,100,2346,100,2346,0.0426257459505541,0.0346043509442984,25,848,0,0,25,848,0.0294811320754717,0.0286629059307821,0.08,1541,40844,0.0371214758744099,1541,40844,0.0374801967814559,0.000358720907045938,NA
2020-07-27,100,2849,100,2367,0.042247570764681,0.0365846497151917,27,1519,0,468,27,1051,0.0256898192197907,0.0287715025117978,0.08,1231,30567,0.0379106928374865,1231,30099,0.0383395324635279,0.000428839626041407,NA
2020-07-28,77,3049,73,2329,0.0313439244310863,0.0357660425482581,23,1399,4,708,19,691,0.0274963820549928,0.0263403990024938,0.08,1076,28331,0.0385779469424254,1072,27623,0.0389763246026676,0.000398377660242172,NA
2020-07-29,111,3617,105,2741,0.0383071871579715,0.0371018550927546,32,1842,6,856,26,986,0.026369168356998,0.027371982162079,0.08,1393,38187,0.0380045497863445,1387,37331,0.0384308007781282,0.000426250991783707,NA
2020-07-30,82,3269,81,2725,0.0297247706422018,0.0371312897628687,32,1717,1,530,31,1187,0.0261162594776748,0.0278735201558519,0.08,1772,41134,0.0383627608346709,1771,40604,0.0388028927765849,0.000440131941913995,NA
2020-07-31,120,4395,115,3105,0.037037037037037,0.0377178189994379,40,2676,5,1274,35,1402,0.0249643366619116,0.0268023505804787,0.08,1980,49821,0.0390101990385047,1975,48547,0.0395703851994504,0.000560186160945678,NA
2020-08-01,101,2528,100,2483,0.0402738622633911,0.0372458001768347,27,1097,1,43,26,1054,0.0246679316888046,0.026180911483585,0.08,1639,39809,0.0395693226098186,1638,39766,0.040084738722273,0.000515416112454349,NA
2020-08-02,80,2478,80,2478,0.0322841000807102,0.0358788676761027,20,994,0,0,20,994,0.0201207243460765,0.0249830278343517,0.08,1467,38945,0.039573603604279,1467,38945,0.0400928056596238,0.000519202055344871,NA
2020-08-03,76,3532,76,2781,0.0273282991729594,0.0337946572256196,27,1724,0,732,27,992,0.0272177419354839,0.0251847796331782,0.08,1298,28475,0.040139477601227,1298,27743,0.0407124681933842,0.000572990592157187,NA
2020-08-04,64,2191,62,1763,0.0351673284174702,0.0342443018366895,18,1230,2,420,16,810,0.0197530864197531,0.0243771043771044,0.08,1471,42598,0.0395025970627561,1469,42178,0.0400015993370021,0.000499002274246034,NA
2020-08-05,119,3359,115,2662,0.0432006010518407,0.0349502694893593,31,1669,3,675,28,994,0.028169014084507,0.0246199381138168,0.08,1759,46668,0.0396103670203514,1756,45993,0.0400809088858818,0.000470541865530458,NA
2020-08-06,115,2764,114,2011,0.0566882148184983,0.0383035352658682,23,1419,1,730,22,689,0.0319303338171263,0.0250901225666907,0.08,1953,41686,0.0401629155353088,1952,40956,0.0406682903480122,0.00050537481270338,NA
2020-08-07,147,6305,141,3765,0.0374501992031872,0.0383436437607981,40,4281,6,2475,34,1806,0.0188261351052049,0.0235726938274969,0.08,2103,46888,0.0410076157000586,2097,44413,0.0417044650956806,0.000696849395622035,NA
2020-08-08,70,2958,64,1983,0.032274331820474,0.0373788912457719,21,1753,6,961,15,792,0.0189393939393939,0.0228910555320051,0.08,2190,48016,0.0417388398641553,2184,47055,0.0425468962660512,0.000808056401895976,NA
2020-08-09,57,2023,57,2023,0.0281759762728621,0.0370261360960678,21,923,0,0,21,923,0.0227518959913326,0.0232657721952612,0.08,1382,41354,0.0411113177875104,1382,41354,0.0418996727558925,0.000788354968382109,NA
2020-08-10,76,5586,76,3095,0.0245557350565428,0.0363541787076639,22,3660,0,2456,22,1204,0.0182724252491694,0.0218897201440842,0.08,1319,32353,0.0406492123526604,1319,29897,0.0416623835858638,0.0010131712332034,NA
2020-08-11,145,6273,144,2998,0.048032021347565,0.0383557209904515,27,4354,1,3234,26,1120,0.0232142857142857,0.0223166843783209,0.08,1549,41362,0.0410790843604501,1548,38128,0.0425231761386538,0.00144409177820366,NA
2020-08-12,146,5621,143,2701,0.0529433543132173,0.0397825150732127,25,3749,3,2895,22,854,0.0257611241217799,0.0219274499187872,0.08,1645,42098,0.0413300789427997,1642,39203,0.0431449862280521,0.00181490728525241,NA
2020-08-13,104,7180,88,2732,0.0322108345534407,0.0369487485101311,27,5394,15,4361,12,1033,0.0116166505324298,0.0196585618210036,0.08,1834,46006,0.0403318605595199,1819,41645,0.0425673157138039,0.00223545515428408,NA
2020-08-14,163,4422,159,2981,0.0533378061053338,0.039485766758494,18,2446,3,1415,15,1031,0.01454898157129,0.0191174356762973,0.08,2296,49573,0.0406135083554438,2293,48158,0.0426954876681614,0.00208197931271759,NA
2020-08-15,90,4391,86,2819,0.0305072720822987,0.0389167398831981,16,2530,4,1564,12,966,0.0124223602484472,0.0182302622353106,0.08,1828,44414,0.0398876026383093,1824,42850,0.0420537984248049,0.00216619578649555,NA
2020-08-16,103,3498,100,2077,0.0481463649494463,0.0410245838272432,14,1971,3,1419,11,552,0.0199275362318841,0.0177514792899408,0.08,1562,37089,0.0410829819559911,1559,35670,0.0435636234308712,0.00248064147488018,NA
2020-08-17,78,5955,71,1894,0.0374868004223865,0.0434567629930777,16,4695,7,4040,9,655,0.0137404580152672,0.0172274995974883,0.08,1773,38246,0.0417921737151425,1766,34206,0.0444901021939541,0.00269792847881161,NA
2020-08-18,123,10453,97,1993,0.0486703462117411,0.0432633598883526,31,8947,25,8397,6,550,0.0109090909090909,0.0154227973763517,0.08,1740,34175,0.0434772171563198,1715,25778,0.047168330155882,0.00369111299956226,NA
2020-08-19,134,7568,114,2519,0.0452560539896784,0.04202174551866,27,5648,20,5018,7,630,0.0111111111111111,0.0132914897544766,0.08,2295,50299,0.0444560076317036,2275,45281,0.0484341418483267,0.00397813421662309,NA
2020-08-20,178,9444,149,3099,0.048080025814779,0.0446438844781958,44,7318,28,6311,16,1007,0.015888778550149,0.0140975700241143,0.08,1832,51612,0.0436334346186086,1804,45301,0.0477413397584799,0.00410790513987135,NA
2020-08-21,192,13552,171,3537,0.0483460559796438,0.0439290890846248,37,11162,21,9972,16,1190,0.0134453781512605,0.0138738738738739,0.08,2293,51821,0.0433048599734769,2272,41849,0.0487755365678115,0.0054706765943346,NA
2020-08-22,218,12724,122,2880,0.0423611111111111,0.0457803211289516,117,10504,96,9806,21,698,0.0300859598853868,0.0162817114729269,0.08,2356,56766,0.0432832929176771,2260,46960,0.0496318784198949,0.00634858550221787,NA
2020-08-23,155,6547,107,2232,0.0479390681003584,0.0457750358047813,55,4907,47,4311,8,596,0.0134228187919463,0.0155839279008637,0.08,1893,54351,0.0420493966258487,1846,50040,0.0481592177323221,0.00610982110647337,NA
2020-08-24,150,8082,91,2012,0.0452286282306163,0.0465739929947461,76,6709,59,6056,17,653,0.0260336906584992,0.0170924117205109,0.08,1612,36155,0.0418313796508731,1553,30099,0.048105906599184,0.00627452694831093,NA
2020-08-25,134,9445,134,2607,0.0514000767165324,0.047018955840305,26,7680,0,6818,26,862,0.0301624129930394,0.019694819020582,0.08,1680,40859,0.0408379965073728,1680,34041,0.0466326714832187,0.00579467497584587,NA
2020-08-26,216,15760,125,2700,0.0462962962962963,0.0471495253579483,106,14012,91,13018,15,994,0.0150905432595573,0.0198333333333333,0.08,2157,50362,0.0404268759907114,2066,37344,0.0471967622902035,0.00676988629949211,NA
2020-08-27,246,12533,150,2319,0.0646830530401035,0.0492152895499535,115,10897,96,10192,19,705,0.0269503546099291,0.0214110214110214,0.08,1707,44510,0.0409110458031682,1611,34318,0.0483814003954109,0.00747035459224267,NA
2020-08-28,142,8808,94,1486,0.063257065948856,0.050689825080069,55,7473,48,7293,7,180,0.0388888888888889,0.0241040955631399,0.08,2434,48668,0.0417250829888655,2386,41375,0.048880832454947,0.00715574946608152,NA
2020-08-29,259,5737,259,4053,0.0639032815198618,0.0551438910908151,32,2923,0,1679,32,1244,0.0257234726688103,0.0236912495223538,0.08,1880,48784,0.0412834541797837,1880,47105,0.0474697618127602,0.00618630763297651,NA
2020-08-30,199,17695,120,2719,0.0441338727473336,0.0543696915511846,103,15713,79,14923,24,790,0.030379746835443,0.025792188651437,0.08,1992,43693,0.0430053253511633,1913,28770,0.0517245467334777,0.0087192213823144,NA
2020-08-31,103,2309,103,1750,0.0588571428571429,0.0558580015878417,10,1052,0,557,10,495,0.0202020202020202,0.0252371916508539,0.08,1668,47379,0.0416894111116251,1668,46822,0.0489444907793532,0.00725507966772806,NA
2020-09-01,100,5227,47,435,0.108045977011494,0.0580778683223386,53,4794,53,4780,0,14,0,0.0241971958389869,0.08,1492,22961,0.0435113282869332,1439,18181,0.051052517574779,0.00754118928784574,NA
2020-09-02,242,7571,220,3661,0.0600928708003278,0.0604639834378615,64,5327,22,3889,42,1438,0.0292072322670376,0.0275380189066995,0.08,2128,32751,0.0460647073898859,2106,28862,0.0529798356374245,0.00691512824753855,NA
2020-09-03,963,45326,340,6355,0.0535011801730921,0.0578229629991691,669,40006,621,38845,48,1161,0.041343669250646,0.0306275836151823,0.08,1360,40795,0.0454476881462016,739,1950,0.0569356769061085,0.0114879887599068,NA
2020-09-04,391,13043,200,2932,0.0682128240109141,0.0588450125542114,218,10980,190,10059,28,921,0.0304017372421281,0.0303480125350487,0.08,5594,149499,0.0417610441038506,5404,139440,0.048690258091473,0.00692921398762242,NA
2020-09-05,294,12041,206,2552,0.0807210031347962,0.0605763575769457,134,10348,88,9463,46,885,0.0519774011299435,0.0347124824684432,0.08,2806,61935,0.042705375514081,2718,52472,0.0505123271310629,0.00780695161698185,NA
2020-09-06,128,7633,78,1453,0.0536820371644873,0.0623889643640924,64,6812,50,6162,14,650,0.0215384615384615,0.0337886412652768,0.08,1403,46496,0.0409416250223983,1353,40334,0.0470247911211634,0.00608316609876513,NA
2020-09-07,84,4213,22,508,0.0433070866141732,0.0621926687527939,62,3719,62,3695,0,24,0,0.034949931278225,0.08,1381,28975,0.0421583049043848,1319,25280,0.0491910778777172,0.00703277297333237,NA
2020-09-08,387,15826,147,2492,0.0589887640449438,0.0607928632285872,274,14191,240,13303,34,888,0.0382882882882883,0.0355287414110944,0.08,1392,31363,0.0409990454654504,1152,18060,0.0482738137977402,0.00727476833228975,NA
2020-09-09,399,14452,158,3045,0.051888341543514,0.0595231938770233,282,12522,241,11366,41,1156,0.0354671280276817,0.0371152154793316,0.08,1337,48029,0.0375173179526987,1096,36663,0.043860737939968,0.00634341998726933,NA
2020-09-10,280,13822,193,3231,0.059733828536057,0.061925615247024,130,11620,87,10549,43,1071,0.0401493930905696,0.0368185880250223,0.08,1953,48982,0.038205640063668,1866,38433,0.042511449119145,0.00430580905547694,NA
2020-09-11,413,15206,268,3952,0.0678137651821862,0.0622062322288632,210,12593,145,11217,65,1376,0.0472383720930233,0.0401652892561983,0.08,2312,56828,0.0390070921985816,2167,45611,0.0454384414431601,0.00643134924457853,NA
2020-09-12,323,11713,138,2414,0.0571665285832643,0.0587306229891781,204,9954,185,9278,19,676,0.0281065088757396,0.036979969183359,0.08,2121,56594,0.0375046884800499,1936,47316,0.0432623352681995,0.00575764678814954,NA
2020-09-13,267,6115,151,2761,0.054690329590728,0.0585230668912677,150,4305,116,3351,34,954,0.0356394129979036,0.0384052074857608,0.08,1462,46890,0.0376439034064616,1346,43539,0.0426909165090898,0.00504701310262816,NA
2020-09-14,225,9022,97,1765,0.054957507082153,0.0585961342828077,140,7924,128,7223,12,701,0.0171184022824536,0.0363529756669598,0.08,1373,35930,0.0368127264213717,1245,28707,0.0418381211555807,0.00502539473420896,NA
2020-09-15,312,11833,129,2852,0.0452314165497896,0.0566433566433566,210,9820,181,8952,29,868,0.0334101382488479,0.0357247868274037,0.08,1466,39031,0.0361859132549265,1285,30079,0.0404700608105109,0.00428414755558439,NA
2020-09-16,354,14509,218,4041,0.0539470428111853,0.0568138561096308,180,11660,136,10424,44,1236,0.0355987055016181,0.035745422842197,0.08,1941,52311,0.0375201297813802,1805,41887,0.042275702901601,0.00475557312022086,NA
2020-09-17,320,14903,181,3549,0.0510002817695125,0.0554045186087935,177,12507,139,11310,38,1197,0.0317460317460317,0.0343892694063927,0.08,2056,57800,0.0368604220230236,1917,46490,0.0412545966738239,0.00439417465080025,NA
2020-09-18,282,7583,157,3104,0.0505798969072165,0.0522796055843015,151,5423,125,4463,26,960,0.0270833333333333,0.0306432038834951,0.08,2223,62021,0.0360605516049256,2098,57558,0.0393536687687769,0.00329311716385131,NA
2020-09-19,221,11096,118,1904,0.0619747899159664,0.0526131357629155,109,9508,103,9160,6,348,0.0172413793103448,0.0301724137931034,0.08,2529,74286,0.0354360535369526,2426,65126,0.0386807323875349,0.00324467885058225,NA
2020-09-20,245,10000,197,3130,0.0629392971246006,0.053919882034898,78,8199,48,6860,30,1339,0.0224047796863331,0.0278237328921642,0.08,1402,48011,0.035166084626005,1354,41151,0.0390034662602332,0.00383738163422815,NA
2020-09-21,245,7757,124,2076,0.0597302504816956,0.0544151820294345,144,6398,121,5664,23,734,0.0313351498637602,0.029332535169111,0.08,1477,38234,0.035227902521967,1356,32570,0.0388774729166204,0.00364957039465336,NA
2020-09-22,283,13713,141,2470,0.057085020242915,0.0560323567130315,158,12019,142,11201,16,818,0.019559902200489,0.0275934861278649,0.08,1531,41829,0.0351382673061107,1389,30628,0.0391395326717606,0.00400126536564989,NA
2020-09-23,290,14396,196,3846,0.0509620384815393,0.0554808506399721,130,11771,94,10503,36,1268,0.028391167192429,0.0262605042016807,0.08,1848,46391,0.0354503326351432,1754,35888,0.0397335582768551,0.00428322564171185,NA
2020-09-24,237,11805,187,3912,0.04780163599182,0.0547891595734273,75,8975,50,7868,25,1107,0.022583559168925,0.02464253118345,0.08,2257,62071,0.0355833420501391,2207,54203,0.0396816387280685,0.00409829667792945,NA
2020-09-25,292,14014,178,2972,0.0598923283983849,0.0561792220580995,130,11957,114,11007,16,950,0.0168421052631579,0.0231566118220597,0.08,2805,70084,0.0363580515927814,2691,59077,0.0413534896420132,0.00499543804923174,NA
2020-09-26,235,11744,162,2388,0.0678391959798995,0.0569875925747812,96,10302,73,9327,23,975,0.0235897435897436,0.0235015992212488,0.08,2441,65217,0.0370081514211872,2368,55890,0.0424004628208153,0.00539231139962806,NA
2020-09-27,142,5614,109,1986,0.0548841893252769,0.0558269720101781,45,4314,33,3623,12,691,0.0173661360347323,0.0230780987314687,0.08,1604,50822,0.0372696504452179,1571,47199,0.0422754434071421,0.00500579296192415,NA
2020-09-28,159,7259,118,1787,0.0660324566312255,0.0563503951242188,53,6008,41,5463,12,545,0.0220183486238532,0.0220333648095688,0.08,1709,41142,0.0375970716926761,1668,35679,0.0428422546175965,0.00524518292492041,NA
2020-09-29,205,14184,134,2324,0.0576592082616179,0.0564142596929482,95,12700,71,11814,24,886,0.0270880361173815,0.0230457801308004,0.08,1362,45624,0.036779764573844,1291,33810,0.0421139656747869,0.0053342011009429,NA
2020-09-30,245,12143,169,2809,0.0601637593449626,0.058147210914292,98,10142,76,9279,22,863,0.0254924681344148,0.0222702343360479,0.08,2273,58546,0.0367237094224739,2197,49267,0.0417545691906005,0.00503085976812666,NA
2020-10-01,291,13777,191,3398,0.0562095350206004,0.0600656702898551,139,11375,99,10350,40,1025,0.0390243902439024,0.0251053074978939,0.08,2166,65615,0.0361667296310288,2067,55265,0.0412062334355582,0.00503950380452935,NA
2020-10-02,232,12421,187,3317,0.0563762435936087,0.0594147370759065,73,10062,45,9069,28,993,0.0281973816717019,0.0269320843091335,0.08,2456,72941,0.0350356457876456,2411,63872,0.0398056202380184,0.0047699744503728,NA
2020-10-03,179,10897,148,2563,0.0577448302770191,0.0580730312362516,65,9425,31,8313,34,1112,0.0305755395683453,0.0281275551921505,0.08,2442,71634,0.0344847953849637,2411,63321,0.0390800572883331,0.00459526190336938,NA
2020-10-04,100,4011,90,2025,0.0444444444444444,0.0569061076661362,27,2760,10,1982,17,778,0.0218508997429306,0.0285391809093841,0.08,1453,51656,0.0340432952318265,1443,49674,0.0384396160598254,0.00439632082799889,"Without the University of Illinois tests, the seven-day positivity in Champaign County is 2.9%, and 5.7% for the region."
2020-10-05,142,6615,115,2050,0.0560975609756098,0.0559342204911825,43,5151,27,4544,16,607,0.0263591433278418,0.0288952745849298,0.08,1853,38538,0.0346183698591535,1826,33994,0.0390775566074747,0.0044591867483212,"Without the University of Illinois tests, the seven-day positivity in Champaign County is 2.9%, and 5.6% for the region."
2020-10-06,262,16909,156,3049,0.0511643161692358,0.0549685076258394,132,14898,106,13806,26,1092,0.0238095238095238,0.0282843894899536,0.08,1617,49513,0.0349130723258815,1511,35707,0.0394930219310738,0.00457994960519231,"Without the University of Illinois tests, the seven-day positivity in Champaign County is 2.8%, and 5.5% for the region."
2020-10-07,262,13344,197,2907,0.0677674578603371,0.0561396240095292,89,11354,65,10397,24,957,0.0250783699059561,0.0281840341255332,0.08,2630,58820,0.035763131947044,2565,48423,0.0406388470147549,0.00487571506771088,"Without the University of Illinois tests, the seven-day positivity in Champaign County is 2.8%, and 5.6% for the region."
2020-10-08,294,13572,240,3907,0.0614282057844894,0.0571702492683419,86,10715,53,9629,33,1086,0.0303867403314917,0.0268679245283019,0.08,3059,72491,0.0373201666053086,3006,62862,0.0424000916577477,0.00507992505243917,"Without the University of Illinois tests, the seven-day positivity in Champaign County is 2.7%, and 5.7% for the region."
2020-10-09,237,7745,210,3360,0.0625,0.0582045214238961,62,5323,27,4366,35,957,0.0365726227795193,0.0280770981939596,0.08,3117,71898,0.0390085635025932,3090,67532,0.0438490455391646,0.00484048203657139,"Without the University of Illinois tests, the seven-day positivity in Champaign County is 2.8%, and 5.8% for the region."
2020-10-10,269,13329,239,2959,0.080770530584657,0.0615589672705731,70,11539,30,10324,40,1215,0.0329218106995885,0.0285415421398685,0.08,2905,66256,0.0406528305944688,2875,55932,0.046074256475133,0.00542142588066417,"Without the University of Illinois tests, the seven-day positivity in Champaign County is 2.9%, and 6.2% for the region."
2020-10-11,251,6981,223,2601,0.0857362552864283,0.0662410598569577,60,5156,27,4371,33,785,0.0420382165605096,0.0309001343484102,0.08,2727,64047,0.0424800089191888,2700,59676,0.0482607668773996,0.00578075795821075,"Without the University of Illinois tests, the seven-day positivity in Champaign County is 3.1%, and 6.6% for the region."
2020-10-12,194,8272,159,2653,0.0599321522804372,0.0664303041612241,77,6742,34,5609,43,1133,0.0379523389232127,0.0323875432525952,0.08,2742,47579,0.0436526367613863,2708,41970,0.0495966159816394,0.00594397922025311,"Without the University of Illinois tests, the seven-day positivity in Champaign County is 3.2%, and 6.6% for the region."
2020-10-13,312,11789,266,2247,0.118380062305296,0.0743433168556751,98,10425,46,9504,52,921,0.0564603691639522,0.0368585199886589,0.08,2851,55993,0.0458287194223536,2805,46489,0.0515795906854295,0.00575087126307593,"Without the University of Illinois tests, the seven-day positivity in Champaign County is 3.7%, and 7.4% for Region 6 (east central Illinois)."
2020-10-14,346,11411,313,3851,0.0812775902363023,0.0764667717119288,77,8766,33,7528,44,1238,0.0355411954765751,0.038173142467621,0.08,2862,52669,0.047021230678551,2829,45141,0.052721007792372,0.00569977711382105,"Without the University of Illinois tests, the seven-day positivity in Champaign County is 3.8%, and 7.6% for Region 6 (east central Illinois)."
2020-10-15,339,17513,293,4869,0.0601766276442801,0.0755545696539485,76,13784,45,12596,31,1188,0.0260942760942761,0.0373806642463359,0.08,4015,67086,0.0498651087590006,3970,54490,0.0565067478382674,0.0066416390792668,"Without the University of Illinois tests, the seven-day positivity in Champaign County is 3.7%, and 7.6% for Region 6 (east central Illinois)."
2020-10-16,288,11284,262,3780,0.0693121693121693,0.0764372822299652,56,8327,26,7476,30,851,0.0352526439482961,0.0372391215386714,0.08,5103,88308,0.0525073652865334,5077,80832,0.0597196577640236,0.0072122924774902,"Without the University of Illinois tests, the seven-day positivity in Champaign County is 3.7%, and 7.6% for Region 6 (east central Illinois)."
2020-10-17,314,10558,293,3828,0.0765412748171369,0.0759159007931512,55,7451,21,6706,34,745,0.0456375838926174,0.0389156099693922,0.08,3629,77489,0.0528034671238892,3608,70783,0.0593343198599833,0.00653085273609411,"Without the University of Illinois tests, the seven-day positivity in Champaign County is 3.9%, and 7.6% for Region 6 (east central Illinois)"
2020-10-18,201,7451,191,2550,0.0749019607843137,0.0747329464210615,38,5867,10,4895,28,972,0.0288065843621399,0.0371736662883087,0.08,4245,79296,0.0543251782588275,4235,74401,0.0609312591462089,0.0066060808873814,"Without the University of Illinois tests, the seven-day positivity in Champaign County is 3.7%, and 7.5% for Region 6 (east central Illinois) https://www.dph.illinois.gov/regionmetrics?regionID=6"
2020-10-19,189,7556,165,2751,0.0599781897491821,0.0746775004188306,52,5810,23,4794,29,1016,0.0285433070866142,0.0357812725436445,0.08,3113,48684,0.054987487354241,3090,43890,0.0615682673679049,0.0065807800136639,"Without the University of Illinois tests, the seven-day positivity in Champaign County is 3.6%, and 7.5% for Region 6 (east central Illinois) https://www.dph.illinois.gov/regionmetrics?regionID=6"
2020-10-20,405,14503,373,4361,0.0855308415501032,0.0727202770296268,124,11660,32,10110,92,1550,0.0593548387096774,0.0380952380952381,0.08,3714,59077,0.0564547014551141,3682,48967,0.0632992755146904,0.00684457405957636,"Without the University of Illinois tests, the seven-day positivity in Champaign County is 3.8%, and 7.3% for Region 6 (east central Illinois) https://www.dph.illinois.gov/regionmetrics?regionID=6"
2020-10-21,320,14713,272,3200,0.085,0.0729705197521607,91,12426,47,11464,44,962,0.0457380457380457,0.0395387149917628,0.08,4342,66791,0.0578574202177383,4295,55327,0.065214957195176,0.00735753697743766,"Without the University of Illinois tests, the seven-day positivity in Champaign County is 4%, and 7.3% for Region 6 (east central Illinois) https://www.dph.illinois.gov/regionmetrics?regionID=6"
2020-10-22,346,12688,297,3908,0.0759979529170931,0.0760111576011158,111,9976,46,8742,65,1234,0.0526742301458671,0.0439290586630287,0.08,4942,80977,0.0581037189735968,4896,72235,0.0646969883633676,0.00659326938977072,"Without the University of Illinois tests, the seven-day positivity in Champaign County is 4.4% through Oct. 22, and 7.6% for Region 6 (east central Illinois) https://www.dph.illinois.gov/regionmetrics?regionID=6"
2020-10-23,361,12529,320,3774,0.0847906730259671,0.078409650418513,96,9468,40,8725,56,743,0.0753701211305518,0.0481860980337857,0.08,3874,82256,0.0563297409871201,3834,73531,0.0629420632426549,0.00661232225553474,"Without the University of Illinois tests, the seven-day positivity in Champaign County is 4.8% through Oct. 23, and 7.8% for Region 6 (east central Illinois) https://www.dph.illinois.gov/regionmetrics?regionID=6"
2020-10-24,351,12104,302,3798,0.0795155344918378,0.0788760167611536,90,9680,48,8278,42,1402,0.0299572039942939,0.0451833989084909,0.08,6161,83517,0.060709391567685,6113,75239,0.0679568971347415,0.00724750556705649,"Without the University of Illinois tests, the seven-day positivity in Champaign County is 4.5% through Oct. 24, and 7.9% for Region 6 (east central Illinois) https://www.dph.illinois.gov/regionmetrics?regionID=6"
2020-10-25,261,6838,236,2474,0.095392077607114,0.0809774993818512,64,5186,25,4353,39,833,0.0468187274909964,0.0474160206718346,0.08,4062,72097,0.0612242829839542,4037,67744,0.0685391124039613,0.00731482942000709,"Without the University of Illinois tests, the seven-day positivity in Champaign County is 4.7% through Oct. 25, and 8.1% for Region 6 (east central Illinois) https://www.dph.illinois.gov/regionmetrics?regionID=6"
2020-10-26,325,8621,279,3195,0.0873239436619718,0.0841359773371105,119,6724,46,5412,73,1312,0.055640243902439,0.0511448481831757,0.08,4729,57264,0.0633970743796055,4683,51852,0.0708931320873464,0.00749605770774092,"Without the University of Illinois tests, the seven-day positivity in Champaign County is 5.1% through Oct. 26, and 8.4% for Region 6 (east central Illinois) https://www.dph.illinois.gov/regionmetrics?regionID=6"
2020-10-27,443,15832,327,3211,0.101837433821239,0.0862903225806452,182,13530,114,12573,68,957,0.071055381400209,0.0519951632406288,0.08,4000,62074,0.0635871803808498,3886,49501,0.0712661277105891,0.00767894732973932,"Without the University of Illinois tests, the seven-day positivity in Champaign County is 5.2% through Oct. 27, and 8.6% for Region 6 (east central Illinois) https://www.dph.illinois.gov/regionmetrics?regionID=6"
2020-10-28,466,12677,419,3893,0.107629077832006,0.0898857873252794,145,10011,47,8748,98,1263,0.0775930324623911,0.0569473140495868,0.08,6110,70752,0.0665661958159851,6063,62004,0.074124209809204,0.00755801399321895,"Without the University of Illinois tests, the seven-day positivity in Champaign County is 5.7% through Oct. 28, and 9% for Region 6 (east central Illinois) https://www.dph.illinois.gov/regionmetrics?regionID=6"
2020-10-29,519,14668,460,4723,0.0973957230573788,0.0934657730971757,125,11370,58,9912,67,1458,0.0459533607681756,0.0555973895582329,0.08,6363,83056,0.0690761150335802,6305,73144,0.0770857477125482,0.008009632678968,"Without the University of Illinois tests, the seven-day positivity in Champaign County is 5.6% through Oct. 29, and 9.3% for Region 6 (east central Illinois) https://www.dph.illinois.gov/regionmetrics?regionID=6"
2020-10-30,397,13228,356,3644,0.0976948408342481,0.0953965835271473,105,10443,39,9556,66,887,0.0744081172491545,0.0558431952662722,0.08,6943,95111,0.0732394043571795,6904,85555,0.0816942234952337,0.00845481913805421,"Without the University of Illinois tests, the seven-day positivity in Champaign County is 5.6% through Oct. 30, and 9.5% for Region 6 (east central Illinois) https://www.dph.illinois.gov/regionmetrics?regionID=6"
2020-10-31,434,7569,384,3633,0.105697770437655,0.0993420255923788,158,5180,50,3913,108,1267,0.085240726124704,0.0650620534035352,0.08,7899,92636,0.0752471903788064,7849,88723,0.0830200429237466,0.00777285254494026,"Without the University of Illinois tests, the seven-day positivity in Champaign County is 6.5% through Oct. 31, and 9.9% for Region 6 (east central Illinois) https://www.dph.illinois.gov/regionmetrics?regionID=6"
2020-11-01,295,10949,273,2786,0.0979899497487437,0.0995814231612518,92,9141,22,8144,70,997,0.0702106318956871,0.067559267903206,0.08,6980,78458,0.0797699457310731,6958,70314,0.0886481407960623,0.00887819506498921,"Without the University of Illinois tests, the seven-day positivity in Champaign County is 6.8% through Nov. 1, and 10% for Region 6 (east central Illinois) https://www.dph.illinois.gov/regionmetrics?regionID=6"
2020-11-02,409,8710,366,3917,0.0934388562675517,0.100166621459294,103,5750,42,4785,61,965,0.0632124352331606,0.0690274570182191,0.08,6222,66118,0.0812050236681533,6180,61333,0.0899864240665017,0.00878140039834835,"Without the University of Illinois tests, the seven-day positivity in Champaign County is 6.9% through Nov. 2, and 10% for Region 6 (east central Illinois) https://www.dph.illinois.gov/regionmetrics?regionID=6"
2020-11-03,410,14903,311,2680,0.116044776119403,0.101637917391992,176,13084,99,12180,77,904,0.0851769911504425,0.0706627050768635,0.08,6516,82435,0.0827221465933594,6417,70255,0.0912838725827649,0.00856172598940545,"Without the University of Illinois tests, the seven-day positivity in Champaign County is 7.1% through Nov. 3, and 10.2% for Region 6 (east central Illinois) https://www.dph.illinois.gov/regionmetrics?regionID=6"
2020-11-04,508,11099,442,4022,0.109895574341124,0.102027160007872,157,8344,66,7052,91,1292,0.0704334365325077,0.0694980694980695,0.08,7538,71857,0.0850683991286199,7472,64805,0.0935271109001826,0.00845871177156278,"Without the University of Illinois tests, the seven-day positivity in Champaign County is 6.9% through Nov. 4, and 10.2% for Region 6 (east central Illinois) https://www.dph.illinois.gov/regionmetrics?regionID=6"
2020-11-05,757,17245,650,4995,0.13013013013013,0.108345990575223,222,13745,106,12203,116,1542,0.0752269779507134,0.0749936338171632,0.08,9935,86015,0.0908667027574525,9829,73812,0.100251166964842,0.00938446420739,"Without the University of Illinois tests, the seven-day positivity in Champaign County is 7.5% through Nov. 5, and 10.8% for Region 6 (east central Illinois) https://www.dph.illinois.gov/regionmetrics?regionID=6"
2020-11-06,669,12375,596,4650,0.128172043010753,0.113255630926058,198,9043,71,7698,127,1345,0.0944237918215613,0.0782001924927815,0.08,18049,98401,0.109631546048062,17978,90703,0.12055698198848,0.0109254359404173,"Without the University of Illinois tests, the seven-day positivity in Champaign County is 7.8% through Nov. 6, and 11.3% for Region 6 (east central Illinois) https://www.dph.illinois.gov/regionmetrics?regionID=6"
2020-11-07,695,13955,593,4187,0.141628851206114,0.118625399273048,241,11104,100,9728,141,1376,0.102470930232558,0.0811067569172307,0.08,12438,98418,0.116344795101272,12338,88690,0.129198787487113,0.0128539923858414,"Without the University of Illinois tests, the seven-day positivity in Champaign County is 8.1% through Nov. 7, and 11.9% for Region 6 (east central Illinois) https://www.dph.illinois.gov/regionmetrics?regionID=6"
2020-11-08,495,8337,458,3620,0.126519337016575,0.121691425314381,177,6320,35,4710,142,1610,0.0881987577639751,0.0835731680318796,0.08,10009,90757,0.119035153139473,9974,86047,0.131034547134763,0.0119993939952899,"Without the University of Illinois tests, the seven-day positivity in Champaign County is 8.4% through Nov. 8, and 12.2% for Region 6 (east central Illinois) https://www.dph.illinois.gov/regionmetrics?regionID=6"
2020-11-09,792,11785,735,5710,0.128721541155867,0.126741226895259,194,7590,57,6057,137,1533,0.0893672537508154,0.0865444699021037,0.08,10573,64760,0.126649601868241,10516,58703,0.139815952646736,0.0131663507784949,"Without the University of Illinois tests, the seven-day positivity in Champaign County is 8.7% through Nov. 9, and 12.7% for Region 6 (east central Illinois) https://www.dph.illinois.gov/regionmetrics?regionID=6"
2020-11-10,744,15211,617,4306,0.14328843474222,0.12991425849476,231,11897,125,10860,106,1037,0.10221793635487,0.0883410374935799,0.08,12623,101955,0.132587235752569,12498,91095,0.145534481046483,0.0129472452939141,"Without the University of Illinois tests, the seven-day positivity in Champaign County is 8.8% through Nov. 10, and 13% for Region 6 (east central Illinois) https://www.dph.illinois.gov/regionmetrics?regionID=6"
2020-11-11,763,16307,667,4591,0.145284251796994,0.134626781870925,237,13067,95,11687,142,1380,0.102898550724638,0.0927415249923649,0.08,12657,93464,0.136144027012954,12562,81777,0.150124293349824,0.0139802663368698,"Without the University of Illinois tests, the seven-day positivity in Champaign County is 9.3% through Nov. 11, and 13.5% for Region 6 (east central Illinois) https://www.dph.illinois.gov/regionmetrics?regionID=6"
2020-11-12,805,14924,733,5171,0.141752078901566,0.136466573600124,223,11395,71,9716,152,1679,0.0905300774270399,0.0950803212851406,0.08,12702,100617,0.137345536204525,12631,90901,0.150526605841651,0.0131810696371263,"Without the University of Illinois tests, the seven-day positivity in Champaign County is 9.5% through Nov. 12, and 13.6% for Region 6 (east central Illinois) https://www.dph.illinois.gov/regionmetrics?regionID=6"
2020-11-13,831,15608,763,5003,0.152508494903058,0.140112925003069,211,11988,68,10564,143,1424,0.100421348314607,0.0959258890327722,0.08,15415,106540,0.131630696210726,15347,95976,0.144753189961378,0.0131224937506522,"Without the University of Illinois tests, the seven-day positivity in Champaign County is 9.6% through Nov. 13, and 14% for Region 6 (east central Illinois) https://www.dph.illinois.gov/regionmetrics?regionID=6"
2020-11-14,585,9957,534,3737,0.142895370618143,0.140238969444272,179,7396,51,6197,128,1199,0.10675562969141,0.0963293449604543,0.08,11028,114370,0.126411415944074,10977,108173,0.137928614331975,0.0115171983879011,"Without the University of Illinois tests, the seven-day positivity in Champaign County is 9.6% through Nov. 14, and 14% for Region 6 (east central Illinois) https://www.dph.illinois.gov/regionmetrics?regionID=6"
2020-11-15,702,12801,618,4746,0.130214917825537,0.140301827801828,223,9732,81,8038,142,1694,0.0838252656434475,0.0955157852402976,0.08,10631,84831,0.128468487120745,10550,76793,0.14099844552201,0.0125299584012646,"Without the University of Illinois tests, the seven-day positivity in Champaign County is 9.6% through Nov. 15, and 14% for Region 6 (east central Illinois) https://www.dph.illinois.gov/regionmetrics?regionID=6"
2020-11-16,784,13267,744,5226,0.142365097588978,0.142647956070775,170,9459,39,8026,131,1433,0.0914166085136078,0.0958764980702824,0.08,11632,90612,0.125201295803371,11593,82586,0.137347142759218,0.012145846955847,"Without the University of Illinois tests, the seven-day positivity in Champaign County is 9.6% through Nov. 16, and 14.3% for Region 6 (east central Illinois) https://www.dph.illinois.gov/regionmetrics?regionID=6"
2020-11-17,928,19368,794,4840,0.164049586776859,0.145674491204899,283,15719,133,14464,150,1255,0.119521912350598,0.0981717011128776,0.08,12601,94205,0.126586419996524,12468,79741,0.139830212664401,0.0132437926678776,"Without the University of Illinois tests, the seven-day positivity in Champaign County is 9.8% through Nov. 17, and 14.6% for Region 6 (east central Illinois) https://www.dph.illinois.gov/regionmetrics?regionID=6"
2020-11-18,883,14445,774,5536,0.139812138728324,0.14477947400683,252,10110,108,8878,144,1232,0.116883116883117,0.099838644614764,0.08,8922,103569,0.11936914892392,8814,94691,0.130998742170368,0.0116295932464481,"Without the University of Illinois tests, the seven-day positivity in Champaign County is 10% through Nov. 18, and 14.5% for Region 6 (east central Illinois) https://www.dph.illinois.gov/regionmetrics?regionID=6"
2020-11-19,990,18753,926,7723,0.119901592645345,0.13998533047187,236,13217,64,10999,172,2218,0.0775473399458972,0.0966044954567193,0.08,14612,113447,0.119904066571129,14548,102448,0.131630148280471,0.0117260817093423,"Without the University of Illinois tests, the seven-day positivity in Champaign County is 9.7% through Nov. 19, and 14% for Region 6 (east central Illinois) https://www.dph.illinois.gov/regionmetrics?regionID=6"
2020-11-20,843,15874,752,5729,0.131262000349101,0.136984841622932,242,11725,91,10116,151,1609,0.093847110006215,0.0956766917293233,0.08,13012,116024,0.114966990117954,12921,105908,0.125889534704924,0.0109225445869694,"Without the University of Illinois tests, the seven-day positivity in Champaign County is 9.6% through Nov. 20, and 13.7% for Region 6 (east central Illinois) https://www.dph.illinois.gov/regionmetrics?regionID=6"
2020-11-21,667,14068,586,5046,0.116131589377725,0.133707460227565,220,11011,81,8994,139,2017,0.0689142290530491,0.0898062489090592,0.08,11891,120284,0.115220229829094,11810,111290,0.126563798383061,0.0113435685539668,"Without the University of Illinois tests, the seven-day positivity in Champaign County is 9% through Nov. 21, and 13.4% for Region 6 (east central Illinois) https://www.dph.illinois.gov/regionmetrics?regionID=6"
2020-11-22,485,7514,445,4230,0.105200945626478,0.130993999478215,100,4202,40,3275,60,927,0.0647249190938511,0.08857917874848,0.08,10012,92437,0.113173405166868,9972,89162,0.123344537461739,0.0101711322948714,"Without the University of Illinois tests, the seven-day positivity in Champaign County is 8.9% through Nov. 22, and 13.1% for Region 6 (east central Illinois) https://www.dph.illinois.gov/regionmetrics?regionID=6"
2020-11-23,639,10827,608,5402,0.112550907071455,0.126863345972056,135,6881,30,5396,105,1485,0.0707070707070707,0.085730242948897,0.08,8322,91562,0.108501656806028,8292,86166,0.117753650251118,0.00925199344509023,"Without the University of Illinois tests, the seven-day positivity in Champaign County is 8.6% through Nov. 23, and 12.7% for Region 6 (east central Illinois) https://www.dph.illinois.gov/regionmetrics?regionID=6"
2020-11-24,894,11846,840,7172,0.117122141662019,0.120745384200989,204,7000,54,4642,150,2358,0.0636132315521628,0.0777477629579605,0.08,9469,97323,0.103777873969231,9415,92681,0.111046302022727,0.00726842805349603,"Without the University of Illinois tests, the seven-day positivity in Champaign County is 7.8% through Nov. 24, and 12.1% for Region 6 (east central Illinois) https://www.dph.illinois.gov/regionmetrics?regionID=6"
2020-11-25,916,12553,886,7001,0.126553349521497,0.119211403446564,145,7416,30,5533,115,1883,0.0610727562400425,0.0713771305113227,0.08,11378,114233,0.105588278702822,11348,108700,0.112451264082257,0.00686298537943525,"Without the University of Illinois tests, the seven-day positivity in Champaign County is 7.1% through Nov. 25, and 11.9% for Region 6 (east central Illinois) https://www.dph.illinois.gov/regionmetrics?regionID=6"
2020-11-26,624,5009,605,4724,0.128069432684166,0.120140443720741,116,1811,19,285,97,1526,0.063564875491481,0.0692079627276578,0.08,12022,107556,0.102926757359494,12003,107271,0.108048170364729,0.00512141300523465,"Without the University of Illinois tests, the seven-day positivity in Champaign County is 6.9% through Nov. 26, and 12% for Region 6 (east central Illinois) https://www.dph.illinois.gov/regionmetrics?regionID=6"
2020-11-27,496,4595,496,4595,0.107943416757345,0.11700288184438,79,1394,0,0,79,1394,0.0566714490674319,0.0642795513373598,0.08,7574,77130,0.100878626744228,7574,77130,0.104720404521118,0.00384177777689085,"Without the University of Illinois tests, the seven-day positivity in Champaign County is 6.4% through Nov. 27, and 11.7% for Region 6 (east central Illinois) https://www.dph.illinois.gov/regionmetrics?regionID=6"
2020-11-28,700,8579,648,4873,0.132977631848964,0.119167302681791,183,5492,52,3695,131,1797,0.0728992765720645,0.0648197009674582,0.08,7873,79055,0.101092680677571,7821,75360,0.10436469904316,0.0032720183655887,"Without the University of Illinois tests, the seven-day positivity in Champaign County is 6.5% through Nov. 28, and 11.9% for Region 6 (east central Illinois) https://www.dph.illinois.gov/regionmetrics?regionID=6"
2020-11-29,420,7736,396,3639,0.108821104699093,0.119740148639256,103,5078,24,4080,79,998,0.0791583166332665,0.0660781400227253,0.08,7178,62740,0.101359754383346,7154,58660,0.104967589047606,0.00360783466426089,"Without the University of Illinois tests, the seven-day positivity in Champaign County is 6.6% through Nov. 29, and 12% for Region 6 (east central Illinois) https://www.dph.illinois.gov/regionmetrics?regionID=6"
2020-11-30,713,10776,673,5559,0.121064939737363,0.120970103559354,135,6566,40,5200,95,1366,0.0695461200585652,0.0658894188305953,0.08,6190,66980,0.101954159965753,6150,61780,0.1056858706081,0.00373171064234695,"Without the University of Illinois tests, the seven-day positivity in Champaign County is 6.6% through Nov. 30, and 12.1% for Region 6 (east central Illinois) https://www.dph.illinois.gov/regionmetrics?regionID=6"
2020-12-01,746,13392,674,4999,0.134826965393079,0.123707261938401,173,9702,71,8356,102,1346,0.0757800891530461,0.0677012609117362,0.08,12542,116081,0.103814676766462,12471,107725,0.108143124838676,0.00432844807221389,"Without the University of Illinois tests, the seven-day positivity in Champaign County is 6.8% through Dec. 1, and 12.4% for Region 6 (east central Illinois) https://www.dph.illinois.gov/regionmetrics?regionID=6"
2020-12-02,911,12115,855,6409,0.133406147604931,0.124920972469682,198,7432,56,5683,142,1749,0.0811892510005718,0.0712460691823899,0.08,9757,85507,0.106102186542621,9701,79824,0.110742404227213,0.00464021768459182,"Without the University of Illinois tests, the seven-day positivity in Champaign County is 7.1% through Dec. 2, and 12.5% for Region 6 (east central Illinois) https://www.dph.illinois.gov/regionmetrics?regionID=6"
2020-12-03,870,14300,809,7467,0.108343377527789,0.121227457979276,212,8747,61,6813,151,1934,0.078076525336091,0.0736016628873772,0.08,10959,106778,0.104452345815293,10898,99965,0.110214401438859,0.00576205562356616,"Without the University of Illinois tests, the seven-day positivity in Champaign County is 7.4% through Dec. 3, and 12.1% for Region 6 (east central Illinois) https://www.dph.illinois.gov/regionmetrics?regionID=6"
2020-12-04,693,12180,660,5767,0.114444251777354,0.121793712706326,166,7694,33,6384,133,1310,0.101526717557252,0.0793333333333333,0.08,10526,112634,0.103251161128975,10493,106250,0.109721760487411,0.0064705993584364,"Without the University of Illinois tests, the seven-day positivity in Champaign County is 7.9% through Dec. 4, and 12.2% for Region 6 (east central Illinois) https://www.dph.illinois.gov/regionmetrics?regionID=6"
2020-12-05,492,11024,439,3978,0.11035696329814,0.119149611296208,132,8063,53,7024,79,1039,0.0760346487006737,0.0801683432560049,0.08,9887,102678,0.10260055892427,9834,95654,0.109371361858006,0.00677080293373655,"Without the University of Illinois tests, the seven-day positivity in Champaign County is 8% through Dec. 5, and 11.9% for Region 6 (east central Illinois) https://www.dph.illinois.gov/regionmetrics?regionID=6"
2020-12-06,559,8490,500,4338,0.115260488704472,0.119687410753693,164,5499,57,4142,107,1357,0.0788504053058217,0.0800910800910801,0.08,7598,79538,0.100655629099547,7541,75396,0.107067734450059,0.00641210535051158,"Without the University of Illinois tests, the seven-day positivity in Champaign County is 8% through Dec. 6, and 12% for Region 6 (east central Illinois) https://www.dph.illinois.gov/regionmetrics?regionID=6"
2020-12-07,525,9174,500,4913,0.101770812131081,0.11716088827863,97,5345,25,4241,72,1104,0.0652173913043478,0.0798861672934241,0.08,8691,77569,0.102763721292332,8666,73328,0.109072902269401,0.0063091809770692,"Without the University of Illinois tests, the seven-day positivity in Champaign County is 8% through Dec. 7, and 11.7% for Region 6 (east central Illinois) https://www.dph.illinois.gov/regionmetrics?regionID=6"
2020-12-08,532,13041,458,4774,0.0959363217427734,0.11212346597248,156,9489,74,8239,82,1250,0.0656,0.0786205480858052,0.08,7910,95825,0.0989025462924414,7836,87586,0.105127321388407,0.00622477509596614,"Without the University of Illinois tests, the seven-day positivity in Champaign County is 7.9% through Dec. 8, and 11.2% for Region 6 (east central Illinois) https://www.dph.illinois.gov/regionmetrics?regionID=6"
2020-12-09,817,13202,775,7084,0.10940146809712,0.108060854361838,158,7742,42,6102,116,1640,0.0707317073170732,0.0768112933361013,0.08,8256,92737,0.0955838858031116,8214,86635,0.101601436587528,0.00601755078441685,"Without the University of Illinois tests, the seven-day positivity in Champaign County is 7.7% through Dec. 9, and 10.8% for Region 6 (east central Illinois) https://www.dph.illinois.gov/regionmetrics?regionID=6"
2020-12-10,790,13477,742,7821,0.0948727784170822,0.105339366515837,144,6998,48,5637,96,1361,0.0705363703159442,0.0755987197881029,0.08,11101,114503,0.0947009847753611,11053,108866,0.100418958048965,0.00571797327360415,"Without the University of Illinois tests, the seven-day positivity in Champaign County is 7.6% through Dec. 10, and 10.5% for Region 6 (east central Illinois) https://www.dph.illinois.gov/regionmetrics?regionID=6"
2020-12-11,765,19735,720,11986,0.0600700817620557,0.0920835746424912,126,9229,45,7712,81,1517,0.0533948582729071,0.0682995252481657,0.08,9420,104448,0.0942052875926498,9375,96736,0.10015844255296,0.00595315496030994,"Without the University of Illinois tests, the seven-day positivity in Champaign County is 6.8% through Dec. 11, and 9.2% for Region 6 (east central Illinois) https://www.dph.illinois.gov/regionmetrics?regionID=6"
2020-12-12,409,8586,400,4110,0.097323600973236,0.0909474525829521,118,5960,9,4469,109,1491,0.0731052984574111,0.0682098765432099,0.08,8737,126888,0.0892440868363056,8728,122419,0.0943413327270549,0.00509724589074929,"Without the University of Illinois tests, the seven-day positivity in Champaign County is 6.8% through Dec. 12, and 9.1% for Region 6 (east central Illinois) https://www.dph.illinois.gov/regionmetrics?regionID=6"
2020-12-13,392,8978,375,5436,0.0689845474613687,0.0860723267713121,80,4898,17,3536,63,1362,0.0462555066079295,0.0636503856041131,0.08,7216,63648,0.0907776287783925,7199,60112,0.0960716207160184,0.00529399193762585,"Without the University of Illinois tests, the seven-day positivity in Champaign County is 6.4% through Dec. 13, and 8.6% for Region 6 (east central Illinois) https://www.dph.illinois.gov/regionmetrics?regionID=6"
2020-12-14,583,9120,545,5952,0.0915658602150538,0.0851302928142824,106,4248,37,3156,69,1092,0.0631868131868132,0.0634201585503964,0.08,7214,92256,0.0867066007054853,7177,89100,0.091460026341077,0.00475342563559178,"Without the University of Illinois tests, the seven-day positivity in Champaign County is 6.3% through Dec. 14, and 8.5% for Region 6 (east central Illinois) https://www.dph.illinois.gov/regionmetrics?regionID=6"
2020-12-15,556,14051,506,5953,0.0849991600873509,0.08404699846924,133,9500,50,8069,83,1431,0.0580013976240391,0.0623610268849808,0.08,7359,92922,0.0862712066592765,7309,84853,0.0910329710306896,0.0047617643714131,"Without the University of Illinois tests, the seven-day positivity in Champaign County is 6.2% through Dec. 15, and 8.4% for Region 6 (east central Illinois) https://www.dph.illinois.gov/regionmetrics?regionID=6"
2020-12-16,575,11450,553,5680,0.0973591549295775,0.0818313519962504,99,7133,22,5752,77,1381,0.055756698044895,0.0599896211728075,0.08,7123,93278,0.0845564240060586,7101,87526,0.0891947808845896,0.00463835687853092,"Without the University of Illinois tests, the seven-day positivity in Champaign County is 6% through Dec. 16, and 8.2% for Region 6 (east central Illinois) https://www.dph.illinois.gov/regionmetrics?regionID=6"
2020-12-17,791,14144,745,7507,0.0992407086719062,0.0824468085106383,132,7841,46,6618,86,1223,0.0703188879803761,0.0598083605349058,0.08,8828,92015,0.0839981666679189,8782,85397,0.0889109995639974,0.00491283289607843,"Without the University of Illinois tests, the seven-day positivity in Champaign County is 6% through Dec. 17, and 8.2% for Region 6 (east central Illinois) https://www.dph.illinois.gov/regionmetrics?regionID=6"
2020-12-18,626,11047,593,6395,0.092728694292416,0.0905856262032998,120,6090,33,4640,87,1450,0.06,0.0608695652173913,0.08,7377,112292,0.0799852665754739,7344,107652,0.0841994226594397,0.0042141560839658,"Without the University of Illinois tests, the seven-day positivity in Champaign County is 6.1% through Dec. 18, and 9.1% for Region 6 (east central Illinois) https://www.dph.illinois.gov/regionmetrics?regionID=6"
2020-12-19,481,8836,451,4789,0.0941741490916684,0.0903337169159954,111,5265,29,4040,82,1225,0.0669387755102041,0.0596900916630292,0.08,7562,96851,0.0818935363817542,7533,92811,0.0863361818484125,0.00444264546665822,"Without the University of Illinois tests, the seven-day positivity in Champaign County is 6% through Dec. 19, and 9% for Region 6 (east central Illinois) https://www.dph.illinois.gov/regionmetrics?regionID=6"
2020-12-20,416,7131,382,4273,0.0893985490287854,0.0930972403758416,131,4326,34,2847,97,1479,0.0655848546315078,0.0626010128218942,0.08,6003,78079,0.0782523152899605,5969,75232,0.0822637096813054,0.0040113943913449,"Without the University of Illinois tests, the seven-day positivity in Champaign County is 6.3% through Dec. 20, and 9.3% for Region 6 (east central Illinois) https://www.dph.illinois.gov/regionmetrics?regionID=6"
2020-12-21,398,8542,377,4974,0.075794129473261,0.0911526117611382,77,4644,21,3554,56,1090,0.0513761467889908,0.0612134928332794,0.08,4699,86454,0.0750907743779251,4678,82900,0.079036813866973,0.00394603948904783,"Without the University of Illinois tests, the seven-day positivity in Champaign County is 6.1% through Dec. 21, and 9.1% for Region 6 (east central Illinois) https://www.dph.illinois.gov/regionmetrics?regionID=6"
2020-12-22,499,9657,485,5676,0.0854474982381959,0.0912607522777014,83,5205,14,3965,69,1240,0.0556451612903226,0.0609595070422535,0.08,6239,84764,0.0743025446885588,6225,80799,0.0777897722911498,0.00348722760259108,"Without the University of Illinois tests, the seven-day positivity in Champaign County is 6.1% through Dec. 22, and 9.1% for Region 6 (east central Illinois) https://www.dph.illinois.gov/regionmetrics?regionID=6"
2020-12-23,548,8648,535,6158,0.0868788567716791,0.0897113547219149,104,4310,13,2477,91,1833,0.049645390070922,0.059538784067086,0.08,6762,82328,0.0750178181145827,6749,79851,0.0781950311093176,0.00317721299473486,"Without the University of Illinois tests, the seven-day positivity in Champaign County is 6% through Dec. 23, and 9% for Region 6 (east central Illinois) https://www.dph.illinois.gov/regionmetrics?regionID=6"
2020-12-24,484,9122,474,6102,0.0776794493608653,0.0859332238642583,88,4297,9,3010,79,1287,0.0613830613830614,0.0584131611828405,0.08,7037,94909,0.0718588213825575,7028,91899,0.074493081826869,0.00263426044431146,"Without the University of Illinois tests, the seven-day positivity in Champaign County is 5.8% through Dec. 24, and 8.6% for Region 6 (east central Illinois) https://www.dph.illinois.gov/regionmetrics?regionID=6"
2020-12-25,389,4170,389,4170,0.0932853717026379,0.0855791046427979,80,911,0,0,80,911,0.0878155872667399,0.0611141753998897,0.08,5742,98958,0.070771262792383,5742,98958,0.0729089551000083,0.00213769230762532,"Without the University of Illinois tests, the seven-day positivity in Champaign County is 6.1% through Dec. 25, and 8.6% for Region 6 (east central Illinois) https://www.dph.illinois.gov/regionmetrics?regionID=6"
2020-12-26,196,3998,180,2465,0.0730223123732252,0.0834466851972322,63,2207,16,1526,47,681,0.0690161527165932,0.0609083440910691,0.08,3293,57448,0.0682317219610938,3277,55922,0.0701392069113677,0.00190748495027389,"Without the University of Illinois tests, the seven-day positivity in Champaign County is 6.1% through Dec. 26, and 8.3% for Region 6 (east central Illinois) https://www.dph.illinois.gov/regionmetrics?regionID=6"
2020-12-27,264,4426,251,2733,0.0918404683497988,0.0833694776628044,67,2632,13,1690,54,942,0.0573248407643312,0.0596192384769539,0.08,3767,46226,0.0681181011346666,3754,44536,0.0700232769016481,0.0019051757669815,"Without the University of Illinois tests, the seven-day positivity in Champaign County is 6% through Dec. 27, and 8.3% for Region 6 (east central Illinois) https://www.dph.illinois.gov/regionmetrics?regionID=6"
2020-12-28,430,6420,419,4145,0.10108564535585,0.0869026042163503,99,3254,11,2268,88,986,0.0892494929006085,0.0644670050761421,0.08,4453,51046,0.0723182444893044,4442,48778,0.0743235551969773,0.0020053107076729,"Without the University of Illinois tests, the seven-day positivity in Champaign County is 6.4% through Dec. 28, and 8.7% for Region 6 (east central Illinois) https://www.dph.illinois.gov/regionmetrics?regionID=6"
2020-12-29,558,7481,542,5403,0.100314640014807,0.0894919168591224,106,3071,16,2068,90,1003,0.0897308075772682,0.0692136595577653,0.08,5644,66786,0.0737350336848831,5628,64718,0.0755578114232187,0.00182277773833557,"Without the University of Illinois tests, the seven-day positivity in Champaign County is 6.9% through Dec. 29, and 8.9% for Region 6 (east central Illinois) https://www.dph.illinois.gov/regionmetrics?regionID=6"
2020-12-30,586,8598,552,6111,0.0903289150711831,0.0901731504384979,134,4085,34,2483,100,1602,0.0624219725343321,0.072584997301673,0.08,7374,74573,0.0761512493213538,7340,72090,0.0780266763961493,0.00187542707479553,"Without the University of Illinois tests, the seven-day positivity in Champaign County is 7.3% through Dec. 30, and 9% for Region 6 (east central Illinois) https://www.dph.illinois.gov/regionmetrics?regionID=6"
2020-12-31,573,8222,564,7418,0.0760312752763548,0.0892895669594699,120,2515,9,803,111,1712,0.0648364485981308,0.0727319127217047,0.08,8009,99426,0.0774213641870069,8000,98623,0.0789516670974412,0.00153030291043428,"Without the University of Illinois tests, the seven-day positivity in Champaign County is 7.3% through Dec. 31, and 8.9% for Region 6 (east central Illinois) https://www.dph.illinois.gov/regionmetrics?regionID=6"
2021-01-01,409,4066,409,4066,0.100590260698475,0.0901951083763644,99,1168,0,0,99,1168,0.0847602739726027,0.0727699530516432,0.08,7201,97222,0.0806552106947661,7201,97222,0.0822637578363482,0.00160854714158214,"Without the University of Illinois tests, the seven-day positivity in Champaign County is 7.3% through Jan. 1, and 9% for Region 6 (east central Illinois) https://www.dph.illinois.gov/regionmetrics?regionID=6"
2021-01-02,206,3011,206,2341,0.0879965826569842,0.0913492876431698,37,1288,0,669,37,619,0.0597738287560582,0.0720866533864542,0.08,4762,61987,0.0828731503863123,4762,61318,0.0844002996193193,0.00152714923300694,"Without the University of Illinois tests, the seven-day positivity in Champaign County is 7.2% through Jan. 2, and 9.1% for Region 6 (east central Illinois) https://www.dph.illinois.gov/regionmetrics?regionID=6"
2021-01-03,336,5630,309,2611,0.118345461509,0.0935036610063873,113,4106,27,3013,86,1093,0.0786825251601098,0.0746669925455212,0.08,4469,45465,0.0844140542391315,4442,42452,0.0861807786875955,0.00176672444846392,"Without the University of Illinois tests, the seven-day positivity in Champaign County is 7.5% through Jan. 3, and 9.4% for Region 6 (east central Illinois) https://www.dph.illinois.gov/regionmetrics?regionID=6"
2021-01-04,552,10510,512,4497,0.113853680231265,0.0953555028199834,140,7035,40,5984,100,1051,0.0951474785918173,0.075533462657614,0.08,5059,48254,0.08611885852712,5019,42270,0.0885578021821919,0.00243894365507193,"Without the University of Illinois tests, the seven-day positivity in Champaign County is 7.6% through Jan. 4, and 9.5% for Region 6 (east central Illinois) https://www.dph.illinois.gov/regionmetrics?regionID=6"
2021-01-05,634,10488,594,5994,0.0990990990990991,0.0952236818209335,141,6076,40,4472,101,1604,0.0629675810473816,0.071646513730365,0.08,6839,87083,0.0850430925468376,6799,82611,0.0877249862058133,0.00268189365897568,"Without the University of Illinois tests, the seven-day positivity in Champaign County is 7.2% through Jan. 5, and 9.5% for Region 6 (east central Illinois) https://www.dph.illinois.gov/regionmetrics?regionID=6"
2021-01-06,636,9627,610,6186,0.0986097639831878,0.0967595808292816,128,5060,23,3423,105,1637,0.0641417226634087,0.0719270598829356,0.08,7569,80974,0.0843717753852244,7546,77551,0.0871810806557952,0.0028093052705708,"Without the University of Illinois tests, the seven-day positivity in Champaign County is 7.2% through Jan. 6, and 9.7% for Region 6 (east central Illinois) https://www.dph.illinois.gov/regionmetrics?regionID=6"
2021-01-07,567,11108,540,6464,0.083539603960396,0.0988836717559626,146,6051,27,4621,119,1430,0.0832167832167832,0.0752150662636596,0.08,8757,105518,0.0848162308666807,8730,100897,0.0882354690762431,0.00341923820956239,"Without the University of Illinois tests, the seven-day positivity in Champaign County is 7.5% through Jan. 7, and 9.9% for Region 6 (east central Illinois) https://www.dph.illinois.gov/regionmetrics?regionID=6"
2021-01-08,567,9787,539,7011,0.07687918984453,0.0942912488605287,137,4151,28,2756,109,1395,0.0781362007168459,0.0744138634046891,0.08,9277,118665,0.0852857763356243,9249,115909,0.0889986386441508,0.00371286230852645,"Without the University of Illinois tests, the seven-day positivity in Champaign County is 7.4% through Jan. 8, and 9.4% for Region 6 (east central Illinois) https://www.dph.illinois.gov/regionmetrics?regionID=6"
2021-01-09,370,7594,339,4746,0.0714285714285714,0.0917913034205124,106,3832,31,2837,75,995,0.0753768844221105,0.0755024443237371,0.08,6717,102903,0.0826798129273073,6686,100066,0.0862847926857924,0.00360497975848516,"Without the University of Illinois tests, the seven-day positivity in Champaign County is 7.6% through Jan. 9, and 9.2% for Region 6 (east central Illinois) https://www.dph.illinois.gov/regionmetrics?regionID=6"
2021-01-10,284,5835,264,3428,0.0770128354725788,0.0886604393884047,79,3469,20,2399,59,1070,0.0551401869158879,0.0727510346329776,0.08,4711,77775,0.0787688434121306,4691,75376,0.0819264142059595,0.00315757079382889,"Without the University of Illinois tests, the seven-day positivity in Champaign County is 7.3% through Jan. 10, and 8.9% for Region 6 (east central Illinois) https://www.dph.illinois.gov/regionmetrics?regionID=6"
2021-01-11,419,10173,392,5542,0.070732587513533,0.0832592517335094,119,6492,27,4612,92,1880,0.048936170212766,0.0659274797722505,0.08,4776,66697,0.0760551269122832,4749,62085,0.0788452306365389,0.00279010372425578,"Without the University of Illinois tests, the seven-day positivity in Champaign County is 6.6% through Jan. 11, and 8.3% for Region 6 (east central Illinois) https://www.dph.illinois.gov/regionmetrics?regionID=6"
2021-01-12,399,9626,371,5118,0.0724892536146932,0.0793609559683076,99,5692,27,4479,72,1213,0.0593569661995054,0.0655925155925156,0.08,6642,93491,0.0749957818839267,6615,89012,0.0777360459722723,0.0027402640883456,"Without the University of Illinois tests, the seven-day positivity in Champaign County is 6.6% through Jan. 12, and 7.9% for Region 6 (east central Illinois) https://www.dph.illinois.gov/regionmetrics?regionID=6"
2021-01-13,472,10386,445,6977,0.0637809946968611,0.0735631013592628,124,5269,26,3400,98,1869,0.052434456928839,0.0633373934226553,0.08,5862,76107,0.0729026945080448,5836,72707,0.0755715426619831,0.00266884815393824,"Without the University of Illinois tests, the seven-day positivity in Champaign County is 6.3% through Jan. 13, and 7.4% for Region 6 (east central Illinois) https://www.dph.illinois.gov/regionmetrics?regionID=6"
2021-01-14,441,10937,402,6469,0.0621425258927191,0.0700414853274287,126,5563,39,4444,87,1119,0.0777479892761394,0.0620480033539461,0.08,6652,118036,0.0682863323307949,6613,113592,0.0706786672540784,0.0023923349232835,"Without the University of Illinois tests, the seven-day positivity in Champaign County is 6.2% through Jan. 14, and 7% for Region 6 (east central Illinois) https://www.dph.illinois.gov/regionmetrics?regionID=6"
2021-01-15,407,9335,370,6275,0.0589641434262948,0.0669952016599663,116,4529,36,3044,80,1485,0.0538720538720539,0.0584570657252622,0.08,6642,107156,0.0654068658366619,6606,104112,0.067746170678337,0.00233930484167506,"Without the University of Illinois tests, the seven-day positivity in Champaign County is 5.8% through Jan. 15, and 6.7% for Region 6 (east central Illinois) https://www.dph.illinois.gov/regionmetrics?regionID=6"
2021-01-16,353,11060,265,4906,0.0540154912352222,0.0648069223815059,140,7314,88,6129,52,1185,0.0438818565400844,0.054984217493127,0.08,5343,102372,0.0633195871789837,5255,96243,0.0658346476341769,0.00251506045519327,"Without the University of Illinois tests, the seven-day positivity in Champaign County is 5.5% through Jan. 16, and 6.5% for Region 6 (east central Illinois) https://www.dph.illinois.gov/regionmetrics?regionID=6"
2021-01-17,206,5599,178,2805,0.063458110516934,0.0636091567783262,68,3451,28,2790,40,661,0.0605143721633888,0.0553548661283468,0.08,4162,96845,0.0606610524531409,4134,94055,0.0630066824309994,0.00234562997785849,"Without the University of Illinois tests, the seven-day positivity in Champaign County is 5.5% through Jan. 17, and 6.4% for Region 6 (east central Illinois) https://www.dph.illinois.gov/regionmetrics?regionID=6"
2021-01-18,319,12343,256,5851,0.0437532045804136,0.0595557407359183,144,8389,63,6478,81,1911,0.0423861852433281,0.0540082600868368,0.08,3385,63002,0.0588850381045009,3322,56524,0.061287515269583,0.00240247716508214,"Without the University of Illinois tests, the seven-day positivity in Champaign County is 5.4% through Jan. 18, and 6% for Region 6 (east central Illinois) https://www.dph.illinois.gov/regionmetrics?regionID=6"
2021-01-19,389,13023,354,5000,0.0708,0.05929524854374,113,9428,35,7996,78,1432,0.0544692737430168,0.0534050921134341,0.08,4318,71533,0.05726154277373,4283,63537,0.0600046606854537,0.00274311791172369,"Without the University of Illinois tests, the seven-day positivity in Champaign County is 5.3% through Jan. 19, and 5.9% for Region 6 (east central Illinois) https://www.dph.illinois.gov/regionmetrics?regionID=6"
2021-01-20,300,10501,227,5048,0.0449683042789223,0.0564449579138472,99,6416,72,5430,27,986,0.0273833671399594,0.0506891445494931,0.08,4822,86121,0.0547603729856681,4750,80691,0.0574337088544798,0.0026733358688117,"Without the University of Illinois tests, the seven-day positivity in Champaign County is 5.1% through Jan. 20, and 5.6% for Region 6 (east central Illinois) https://www.dph.illinois.gov/regionmetrics?regionID=6"
2021-01-21,449,16432,360,7232,0.0497787610619469,0.0541530834927392,185,10808,88,9175,97,1633,0.0593998775260257,0.0489615839879479,0.08,4979,99036,0.053750009982989,4891,89861,0.0568199882739653,0.00306997829097631,"Without the University of Illinois tests, the seven-day positivity in Champaign County is 4.9% through Jan. 21, and 5.4% for Region 6 (east central Illinois) https://www.dph.illinois.gov/regionmetrics?regionID=6"
2021-01-22,341,14933,302,5390,0.0560296846011132,0.0535990284831089,92,10559,39,9509,53,1050,0.0504761904761905,0.0483179047188982,0.08,7042,125831,0.0528135372398176,7003,116322,0.0563230765881992,0.00350953934838164,"Without the University of Illinois tests, the seven-day positivity in Champaign County is 4.8% through Jan. 22, and 5.4% for Region 6 (east central Illinois) https://www.dph.illinois.gov/regionmetrics?regionID=6"
2021-01-23,266,15641,194,4191,0.0462896683369124,0.0526789987893122,116,12366,72,11428,44,938,0.046908315565032,0.0487748229009407,0.08,5152,110178,0.0518890622270307,5080,98750,0.0557958448661086,0.00390678263907791,"Without the University of Illinois tests, the seven-day positivity in Champaign County is 4.9% through Jan. 23, and 5.3% for Region 6 (east central Illinois) https://www.dph.illinois.gov/regionmetrics?regionID=6"
2021-01-24,198,9735,151,3364,0.0448870392390012,0.0511143142255239,99,7226,46,6355,53,871,0.060849598163031,0.0490874050561161,0.08,3292,90138,0.0510808421293852,3246,83783,0.0552616935949025,0.00418085146551734,"Without the University of Illinois tests, the seven-day positivity in Champaign County is 4.9% through Jan. 24, and 5.1% for Region 6 (east central Illinois) https://www.dph.illinois.gov/regionmetrics?regionID=6"
2021-01-25,244,14092,212,4142,0.0511830033800097,0.052375825646696,88,11598,32,9926,56,1672,0.0334928229665072,0.0475413656490329,0.08,2944,74202,0.0495389162591566,2912,64276,0.0538578748199993,0.00431895856084272,"Without the University of Illinois tests, the seven-day positivity in Champaign County is 4.8% through Jan. 25, and 5.2% for Region 6 (east central Illinois) https://www.dph.illinois.gov/regionmetrics?regionID=6"
2021-01-26,335,17278,260,4530,0.0573951434878587,0.0503289376641001,138,13793,75,12719,63,1074,0.058659217877095,0.0477869649805447,0.08,3667,69285,0.0487147807468337,3592,56566,0.0533232584892139,0.00460847774238016,"Without the University of Illinois tests, the seven-day positivity in Champaign County is 4.8% through Jan. 26, and 5% for Region 6 (east central Illinois) https://www.dph.illinois.gov/regionmetrics?regionID=6"
2021-01-27,290,14876,253,5296,0.0477719033232628,0.0507248499048177,88,10722,37,9563,51,1159,0.0440034512510785,0.0496605930689532,0.08,3751,80124,0.0475143111681057,3714,70561,0.0524685452467511,0.00495423407864535,"Without the University of Illinois tests, the seven-day positivity in Champaign County is 5% through Jan. 27, and 5.1% for Region 6 (east central Illinois) https://www.dph.illinois.gov/regionmetrics?regionID=6"
2021-01-28,343,17093,298,6009,0.0495922782492927,0.0507259583257396,128,12371,44,11049,84,1322,0.0635400907715582,0.0499628988374969,0.08,4191,100119,0.0462225928906547,4147,89070,0.0512559379142731,0.00503334502361839,"Without the University of Illinois tests, the seven-day positivity in Champaign County is 5% through Jan. 28, and 5.1% for Region 6 (east central Illinois) https://www.dph.illinois.gov/regionmetrics?regionID=6"
2021-01-29,269,15776,223,6776,0.0329102715466352,0.0463740235513583,106,10228,46,8969,60,1259,0.0476568705321684,0.0495479204339964,0.08,4156,111057,0.0427536950699335,4110,102088,0.0474275076358977,0.00467381256596421,"Without the University of Illinois tests, the seven-day positivity in Champaign County is 5% through Jan. 29, and 4.6% for Region 6 (east central Illinois) https://www.dph.illinois.gov/regionmetrics?regionID=6"
2021-01-30,250,13957,179,3994,0.0448172258387581,0.0462021048928498,114,11102,71,9939,43,1163,0.0369733447979364,0.0481220657276995,0.08,3345,107802,0.0400583505998638,3274,97863,0.0443011164342165,0.00424276583435276,"Without the University of Illinois tests, the seven-day positivity in Champaign County is 4.8% through Jan. 30, and 4.6% for Region 6 (east central Illinois) https://www.dph.illinois.gov/regionmetrics?regionID=6"
2021-01-31,134,7639,100,2187,0.0457247370827618,0.0463047306734682,64,6158,34,5442,30,716,0.0418994413407821,0.046264196054991,0.08,2428,86871,0.038893654878785,2394,81429,0.0429703142992918,0.00407665942050682,"Without the University of Illinois tests, the seven-day positivity in Champaign County is 4.6% through Jan. 31, and 4.6% for Region 6 (east central Illinois) https://www.dph.illinois.gov/regionmetrics?regionID=6"
2021-02-01,243,13118,184,4979,0.0369552118899377,0.0443279737052501,121,9835,59,8122,62,1713,0.0361938120256859,0.0467523197715917,0.08,2312,61263,0.0386848136559825,2253,53141,0.0426425139545103,0.00395770029852777,"Without the University of Illinois tests, the seven-day positivity in Champaign County is 4.7% through Feb. 1, and 4.4% for Region 6 (east central Illinois) https://www.dph.illinois.gov/regionmetrics?regionID=6"
2021-02-02,373,20124,228,7647,0.0298156139662613,0.0397148124051182,185,13983,145,12448,40,1535,0.0260586319218241,0.0417277545956919,0.08,2304,60899,0.0369769870176852,2159,48451,0.040639288761765,0.00366230174407983,"Without the University of Illinois tests, the seven-day positivity in Champaign County is 4.2% through Feb. 2, and 4% for Region 6 (east central Illinois) https://www.dph.illinois.gov/regionmetrics?regionID=6"
2021-02-03,273,16174,197,5310,0.0370998116760829,0.0381822123462143,128,12092,76,10831,52,1261,0.0412371134020619,0.0413647006355224,0.08,3314,96894,0.035285363375233,3238,86063,0.0386576002723502,0.00337223689711715,"Without the University of Illinois tests, the seven-day positivity in Champaign County is 4.1% through Feb. 3, and 3.8% for Region 6 (east central Illinois) https://www.dph.illinois.gov/regionmetrics?regionID=6"
2021-02-04,271,14221,203,5765,0.0352124891587164,0.0358448360521578,125,9395,67,8422,58,973,0.0596094552929085,0.0400232018561485,0.08,3328,101307,0.0338400205720236,3261,92885,0.0368184083143508,0.00297838774232716,"Without the University of Illinois tests, the seven-day positivity in Champaign County is 4% through Feb. 4, and 3.6% for Region 6 (east central Illinois) https://www.dph.illinois.gov/regionmetrics?regionID=6"
2021-02-05,237,14422,NA,NA,NA,0.036,86,10153,43,8920,43,1233,0.0348742903487429,0.0381661624389109,0.08,3660,105085,0.0333660688801057,3617,96165,0.0363239369996601,0.00295786811955442,"Without the University of Illinois tests, the seven-day positivity in Champaign County is 3.8% through Feb. 5, and 3.6% for Region 6 (east central Illinois) https://www.dph.illinois.gov/regionmetrics?regionID=6"
2021-02-06,294,15077,NA,NA,NA,0.036,163,12236,122,11071,41,1165,0.0351931330472103,0.0379246161005119,0.08,3062,90295,0.033865791368936,2940,79224,0.0369623230695365,0.00309653170060051,"Without the University of Illinois tests, the seven-day positivity in Champaign County is 3.8% through Feb. 6, and 3.6% for Region 6 (east central Illinois) https://www.dph.illinois.gov/regionmetrics?regionID=6"
2021-02-07,201,6094,NA,NA,NA,0.037,108,4110,72,3587,36,523,0.0688336520076482,0.0395096989170534,0.08,2060,81550,0.0335513726094228,1988,77963,0.0364418271860226,0.00289045457659979,"Without the University of Illinois tests, the seven-day positivity in Champaign County is 4% through Feb. 7, and 3.7% for Region 6 (east central Illinois) https://www.dph.illinois.gov/regionmetrics?regionID=6"
2021-02-08,191,13056,NA,NA,NA,0.036,118,10586,62,9065,56,1521,0.0368178829717291,0.0397028376568019,0.08,1747,47210,0.0333910568548111,1685,38145,0.0364003576824643,0.00300930082765325,"Without the University of Illinois tests, the seven-day positivity in Champaign County is 4% through Feb. 8, and 3.6% for Region 6 (east central Illinois) https://www.dph.illinois.gov/regionmetrics?regionID=6"
2021-02-09,336,17475,NA,NA,NA,0.038,158,13579,122,12238,36,1341,0.0268456375838926,0.0401646501184982,0.08,2082,55705,0.0333070378481989,1960,43467,0.0363661482899796,0.00305911044178068,"Without the University of Illinois tests, the seven-day positivity in Champaign County is 4% through Feb. 9, and 3.8% for Region 6 (east central Illinois) https://www.dph.illinois.gov/regionmetrics?regionID=6"
2021-02-10,255,12439,NA,NA,NA,0.039,93,8361,69,7617,24,744,0.032258064516129,0.0392,0.08,2825,82885,0.0332673211154587,2756,75268,0.0361884015050177,0.00292108038955898,"Without the University of Illinois tests, the seven-day positivity in Champaign County is 3.9% through Feb. 10, and 3.9% for Region 6 (east central Illinois) https://www.dph.illinois.gov/regionmetrics?regionID=6"
2021-02-11,276,19519,NA,NA,NA,0.038,160,14755,98,13444,62,1311,0.0472921434019832,0.0380199030364889,0.08,2838,96525,0.0326756130924176,2740,83081,0.035851477662255,0.00317586456983741,"Without the University of Illinois tests, the seven-day positivity in Champaign County is 3.8% through Feb. 11, and 3.8% for Region 6 (east central Illinois) https://www.dph.illinois.gov/regionmetrics?regionID=6"
2021-02-12,200,14471,NA,NA,NA,0.037,102,10924,66,10092,36,832,0.0432692307692308,0.0391286809197257,0.08,2598,103009,0.0308913293573519,2532,92917,0.033875098201259,0.00298376884390707,"Without the University of Illinois tests, the seven-day positivity in Champaign County is 3.9% through Feb. 12, and 3.7% for Region 6 (east central Illinois) https://www.dph.illinois.gov/regionmetrics?regionID=6"
2021-02-13,210,10365,NA,NA,NA,0.036,116,7839,87,7157,29,682,0.0425219941348974,0.0401207937877481,0.08,2092,84990,0.0294306309048805,2005,77833,0.0320581819372424,0.00262755103236195,"Without the University of Illinois tests, the seven-day positivity in Champaign County is 4% through Feb. 13, and 3.6% for Region 6 (east central Illinois) https://www.dph.illinois.gov/regionmetrics?regionID=6"
2021-02-14,191,8813,NA,NA,NA,0.035,121,6590,95,6032,26,558,0.046594982078853,0.0384890542280727,0.08,1631,64949,0.029541934676324,1536,58917,0.0323958537395556,0.00285391906323152,"Without the University of Illinois tests, the seven-day positivity in Champaign County is 3.8% through Feb. 14, and 3.5% for Region 6 (east central Illinois) https://www.dph.illinois.gov/regionmetrics?regionID=6"
2021-02-15,114,10177,NA,NA,NA,0.035,53,7773,16,6985,37,788,0.0469543147208122,0.0399616368286445,0.08,1420,52389,0.0286537934913739,1404,45404,0.0313134977468457,0.00265970425547181,"Without the University of Illinois tests, the seven-day positivity in Champaign County is 4% through Feb. 15, and 3.5% for Region 6 (east central Illinois) https://www.dph.illinois.gov/regionmetrics?regionID=6"
2021-02-16,57,10865,NA,NA,NA,0.033,15,9638,0,9053,15,585,0.0256410256410256,0.0416363636363636,0.08,1348,46630,0.0277618338768897,1348,37577,0.0304057138368185,0.00264387995992883,"Without the University of Illinois tests, the seven-day positivity in Champaign County is 4.2% through Feb. 16, and 3.3% for Region 6 (east central Illinois) https://www.dph.illinois.gov/regionmetrics?regionID=6"
