"date","Percent Receiving First Dose","first_dose","new_dose1","avg_daily_first_dose","pct_dose1","second_dose","new_dose2","avg_daily_second_dose","pct_dose2"
2020-12-16,"Actual",8,8,NA,3.80983222451341e-05,NA,NA,NA,NA
2020-12-17,"Actual",191,183,NA,0.000909597443602577,NA,NA,NA,NA
2020-12-18,"Actual",477,286,NA,0.00227161246386612,NA,NA,NA,NA
2020-12-19,"Actual",480,3,NA,0.00228589933470805,NA,NA,NA,NA
2020-12-20,"Actual",481,1,NA,0.00229066162498869,NA,NA,NA,NA
2020-12-21,"Actual",482,1,NA,0.00229542391526933,NA,NA,NA,NA
2020-12-22,"Actual",510,28,72.8571428571429,0.0024287680431273,NA,NA,NA,NA
2020-12-23,"Actual",1009,499,143,0.00480515089316754,NA,NA,NA,NA
2020-12-24,"Actual",1388,379,171,0.00661005890953077,NA,NA,NA,NA
2020-12-25,"Actual",1683,295,172.285714285714,0.00801493454232009,NA,NA,NA,NA
2020-12-26,"Actual",1856,173,196.571428571429,0.00883881076087112,NA,NA,NA,NA
2020-12-27,"Actual",1857,1,196.571428571429,0.00884357305115176,NA,NA,NA,NA
2020-12-28,"Actual",2045,188,223.285714285714,0.00973888362391241,NA,NA,NA,NA
2020-12-29,"Actual",2201,156,241.571428571429,0.0104818009076925,NA,NA,NA,NA
2020-12-30,"Actual",2800,599,255.857142857143,0.0133344127857969,NA,NA,NA,NA
2020-12-31,"Actual",3239,439,264.428571428571,0.0154250582189987,NA,NA,NA,NA
2021-01-01,"Actual",3545,306,266,0.0168823190448751,NA,NA,NA,NA
2021-01-02,"Actual",3933,388,296.714285714286,0.0187300876737641,NA,NA,NA,NA
2021-01-03,"Actual",4317,384,351.428571428571,0.0205588071415305,NA,NA,NA,NA
2021-01-04,"Actual",4880,563,405,0.0232399765695318,NA,NA,NA,NA
2021-01-05,"Actual",5389,509,455.428571428571,0.0256639823223785,NA,NA,NA,NA
2021-01-06,"Actual",5724,844,490.428571428571,0.0272593495663935,NA,NA,NA,NA
2021-01-07,"Actual",6026,302,470.857142857143,0.0286975612311473,NA,NA,NA,NA
2021-01-08,"Actual",6290,264,464.857142857143,0.0299548058652367,222,222,NA,0.00105722844230247
2021-01-09,"Actual",6464,174,434.285714285714,0.0307834443740684,480,258,NA,0.00228589933470805
2021-01-10,"Actual",6743,279,419.285714285714,0.0321121233623674,483,3,NA,0.00230018620554997
2021-01-11,"Actual",6828,85,351,0.032516918036222,499,16,NA,0.00237638285004024
2021-01-12,"Actual",7694,866,402,0.0366410614192577,525,26,NA,0.00250020239733693
2021-01-13,"Actual",8735,1041,430.142857142857,0.0415986056014058,923,398,NA,0.00439559392903235
2021-01-14,"Actual",9742,1007,530.857142857143,0.0463942319140121,1382,459,NA,0.00658148516784692
2021-01-15,"Actual",10191,449,557.285714285714,0.0485325002500202,1817,435,NA,0.00865308143992609
2021-01-16,"Actual",10303,112,548.428571428571,0.0490658767614521,2018,201,NA,0.00961030178633508
2021-01-17,"Actual",10385,82,520.285714285714,0.0494563845644647,2025,7,NA,0.00964363781829958
2021-01-18,"Actual",10666,281,548.285714285714,0.0507945881333251,2031,6,NA,0.00967221155998343
2021-01-19,"Actual",12070,1404,625.142857142857,0.0574808436873461,2037,6,NA,0.00970078530166728
2021-01-20,"Actual",13415,1345,668.571428571429,0.0638861241148093,2177,140,NA,0.0103675059409571
2021-01-21,"Actual",14693,1278,707.285714285714,0.0699723310934695,2202,25,NA,0.0104865631979732
2021-01-22,"Actual",16018,1325,832.428571428571,0.0762823657153198,2330,128,NA,0.0110961363538953
2021-01-23,"Actual",16337,319,862,0.0778015363148445,2334,4,NA,0.0111151855150179
2021-01-24,"Actual",16354,17,852.714285714286,0.0778824952496154,2334,0,NA,0.0111151855150179
2021-01-25,"Actual",16493,139,832.428571428571,0.0785444535986247,2354,20,NA,0.0112104313206307
2021-01-26,"Actual",18615,2122,935,0.0886500335741465,2520,166,NA,0.0120009715072173
2021-01-27,"Actual",20612,1997,1028.14285714286,0.0981603272645881,3009,489,NA,0.0143297314544511
2021-01-28,"Actual",22660,2048,1138.14285714286,0.107913497759342,3475,466,NA,0.0165489587252301
2021-01-29,"Actual",23517,857,1071.28571428571,0.111994780529852,3895,420,NA,0.0185491206430997
2021-01-30,"Actual",23989,472,1093.14285714286,0.114242581542315,4356,461,NA,0.0207445364624755
2021-01-31,"Actual",24684,695,1190,0.117552373287361,4805,449,NA,0.0228828047984837
2021-02-01,"Actual",25144,460,1235.85714285714,0.119743026816457,5216,411,NA,0.0248401061038275
2021-02-02,"Actual",26834,1690,1174.14285714286,0.127791297390741,5848,632,475.428571428571,0.027849873561193
2021-02-03,"At Current Pace",28008.1428571429,NA,1174.14285714286,0.133382906507398,6323.42857142857,NA,475.428571428571,0.0301140024260467
2021-02-04,"At Current Pace",29182.2857142857,NA,1174.14285714286,0.138974515624054,6798.85714285714,NA,475.428571428571,0.0323781312909004
2021-02-05,"At Current Pace",30356.4285714286,NA,1174.14285714286,0.14456612474071,7274.28571428571,NA,475.428571428571,0.0346422601557541
2021-02-06,"At Current Pace",31530.5714285714,NA,1174.14285714286,0.150157733857367,7749.71428571429,NA,475.428571428571,0.0369063890206078
2021-02-07,"At Current Pace",32704.7142857143,NA,1174.14285714286,0.155749342974023,8225.14285714286,NA,475.428571428571,0.0391705178854615
2021-02-08,"At Current Pace",33878.8571428572,NA,1174.14285714286,0.16134095209068,8700.57142857143,NA,475.428571428571,0.0414346467503152
2021-02-09,"At Current Pace",35053,NA,1174.14285714286,0.166932561207336,9176,NA,475.428571428571,0.0436987756151688
2021-02-10,"At Current Pace",36227.1428571429,NA,1174.14285714286,0.172524170323992,9651.42857142857,NA,475.428571428571,0.0459629044800225
2021-02-11,"At Current Pace",37401.2857142857,NA,1174.14285714286,0.178115779440649,10126.8571428571,NA,475.428571428571,0.0482270333448762
2021-02-12,"At Current Pace",38575.4285714286,NA,1174.14285714286,0.183707388557305,10602.2857142857,NA,475.428571428571,0.0504911622097299
2021-02-13,"At Current Pace",39749.5714285714,NA,1174.14285714286,0.189298997673961,11077.7142857143,NA,475.428571428571,0.0527552910745836
2021-02-14,"At Current Pace",40923.7142857143,NA,1174.14285714286,0.194890606790618,11553.1428571429,NA,475.428571428571,0.0550194199394373
2021-02-15,"At Current Pace",42097.8571428571,NA,1174.14285714286,0.200482215907274,12028.5714285714,NA,475.428571428571,0.0572835488042909
2021-02-16,"At Current Pace",43272,NA,1174.14285714286,0.20607382502393,12504,NA,475.428571428571,0.0595476776691446
2021-02-17,"At Current Pace",44446.1428571428,NA,1174.14285714286,0.211665434140587,12979.4285714286,NA,475.428571428571,0.0618118065339983
2021-02-18,"At Current Pace",45620.2857142857,NA,1174.14285714286,0.217257043257243,13454.8571428571,NA,475.428571428571,0.064075935398852
2021-02-19,"At Current Pace",46794.4285714286,NA,1174.14285714286,0.2228486523739,13930.2857142857,NA,475.428571428571,0.0663400642637057
2021-02-20,"At Current Pace",47968.5714285714,NA,1174.14285714286,0.228440261490556,14405.7142857143,NA,475.428571428571,0.0686041931285593
2021-02-21,"At Current Pace",49142.7142857143,NA,1174.14285714286,0.234031870607212,14881.1428571428,NA,475.428571428571,0.070868321993413
2021-02-22,"At Current Pace",50316.8571428571,NA,1174.14285714286,0.239623479723869,15356.5714285714,NA,475.428571428571,0.0731324508582667
2021-02-23,"At Current Pace",51491,NA,1174.14285714286,0.245215088840525,15832,NA,475.428571428571,0.0753965797231204
2021-02-24,"At Current Pace",52665.1428571428,NA,1174.14285714286,0.250806697957181,16307.4285714286,NA,475.428571428571,0.0776607085879741
2021-02-25,"At Current Pace",53839.2857142857,NA,1174.14285714286,0.256398307073838,16782.8571428571,NA,475.428571428571,0.0799248374528278
2021-02-26,"At Current Pace",55013.4285714285,NA,1174.14285714286,0.261989916190494,17258.2857142857,NA,475.428571428571,0.0821889663176814
2021-02-27,"At Current Pace",56187.5714285714,NA,1174.14285714286,0.267581525307151,17733.7142857143,NA,475.428571428571,0.0844530951825351
2021-02-28,"At Current Pace",57361.7142857143,NA,1174.14285714286,0.273173134423807,18209.1428571428,NA,475.428571428571,0.0867172240473888
2021-03-01,"At Current Pace",58535.8571428571,NA,1174.14285714286,0.278764743540463,18684.5714285714,NA,475.428571428571,0.0889813529122425
2021-03-02,"At Current Pace",59710,NA,1174.14285714286,0.28435635265712,19160,NA,475.428571428571,0.0912454817770962
2021-03-03,"At Current Pace",60884.1428571428,NA,1174.14285714286,0.289947961773776,19635.4285714286,NA,475.428571428571,0.0935096106419499
2021-03-04,"At Current Pace",62058.2857142857,NA,1174.14285714286,0.295539570890432,20110.8571428571,NA,475.428571428571,0.0957737395068036
2021-03-05,"At Current Pace",63232.4285714285,NA,1174.14285714286,0.301131180007089,20586.2857142857,NA,475.428571428571,0.0980378683716573
2021-03-06,"At Current Pace",64406.5714285714,NA,1174.14285714286,0.306722789123745,21061.7142857143,NA,475.428571428571,0.100301997236511
2021-03-07,"At Current Pace",65580.7142857142,NA,1174.14285714286,0.312314398240402,21537.1428571429,NA,475.428571428571,0.102566126101365
2021-03-08,"At Current Pace",66754.8571428571,NA,1174.14285714286,0.317906007357058,22012.5714285714,NA,475.428571428571,0.104830254966218
2021-03-09,"At Current Pace",67929,NA,1174.14285714286,0.323497616473714,22488,NA,475.428571428571,0.107094383831072
2021-03-10,"At Current Pace",69103.1428571428,NA,1174.14285714286,0.329089225590371,22963.4285714286,NA,475.428571428571,0.109358512695926
2021-03-11,"At Current Pace",70277.2857142857,NA,1174.14285714286,0.334680834707027,23438.8571428571,NA,475.428571428571,0.111622641560779
2021-03-12,"At Current Pace",71451.4285714285,NA,1174.14285714286,0.340272443823683,23914.2857142857,NA,475.428571428571,0.113886770425633
2021-03-13,"At Current Pace",72625.5714285714,NA,1174.14285714286,0.34586405294034,24389.7142857143,NA,475.428571428571,0.116150899290487
2021-03-14,"At Current Pace",73799.7142857142,NA,1174.14285714286,0.351455662056996,24865.1428571429,NA,475.428571428571,0.11841502815534
2021-03-15,"At Current Pace",74973.8571428571,NA,1174.14285714286,0.357047271173653,25340.5714285714,NA,475.428571428571,0.120679157020194
2021-03-16,"At Current Pace",76147.9999999999,NA,1174.14285714286,0.362638880290309,25816,NA,475.428571428571,0.122943285885048
2021-03-17,"At Current Pace",77322.1428571428,NA,1174.14285714286,0.368230489406965,26291.4285714286,NA,475.428571428571,0.125207414749902
2021-03-18,"At Current Pace",78496.2857142857,NA,1174.14285714286,0.373822098523622,26766.8571428572,NA,475.428571428571,0.127471543614755
2021-03-19,"At Current Pace",79670.4285714285,NA,1174.14285714286,0.379413707640278,27242.2857142857,NA,475.428571428571,0.129735672479609
2021-03-20,"At Current Pace",80844.5714285714,NA,1174.14285714286,0.385005316756934,27717.7142857143,NA,475.428571428571,0.131999801344463
2021-03-21,"At Current Pace",82018.7142857142,NA,1174.14285714286,0.390596925873591,28193.1428571429,NA,475.428571428571,0.134263930209316
2021-03-22,"At Current Pace",83192.8571428571,NA,1174.14285714286,0.396188534990247,28668.5714285714,NA,475.428571428571,0.13652805907417
2021-03-23,"At Current Pace",84366.9999999999,NA,1174.14285714286,0.401780144106904,29144,NA,475.428571428571,0.138792187939024
2021-03-24,"At Current Pace",85541.1428571428,NA,1174.14285714286,0.40737175322356,29619.4285714286,NA,475.428571428571,0.141056316803877
2021-03-25,"At Current Pace",86715.2857142856,NA,1174.14285714286,0.412963362340216,30094.8571428572,NA,475.428571428571,0.143320445668731
2021-03-26,"At Current Pace",87889.4285714285,NA,1174.14285714286,0.418554971456873,30570.2857142857,NA,475.428571428571,0.145584574533585
2021-03-27,"At Current Pace",89063.5714285713,NA,1174.14285714286,0.424146580573529,31045.7142857143,NA,475.428571428571,0.147848703398438
2021-03-28,"At Current Pace",90237.7142857142,NA,1174.14285714286,0.429738189690185,31521.1428571429,NA,475.428571428571,0.150112832263292
2021-03-29,"At Current Pace",91411.8571428571,NA,1174.14285714286,0.435329798806842,31996.5714285714,NA,475.428571428571,0.152376961128146
2021-03-30,"At Current Pace",92585.9999999999,NA,1174.14285714286,0.440921407923498,32472,NA,475.428571428571,0.154641089993
2021-03-31,"At Current Pace",93760.1428571428,NA,1174.14285714286,0.446513017040155,32947.4285714286,NA,475.428571428571,0.156905218857853
2021-04-01,"At Current Pace",94934.2857142856,NA,1174.14285714286,0.452104626156811,33422.8571428572,NA,475.428571428571,0.159169347722707
2021-04-02,"At Current Pace",96108.4285714285,NA,1174.14285714286,0.457696235273467,33898.2857142857,NA,475.428571428571,0.161433476587561
2021-04-03,"At Current Pace",97282.5714285713,NA,1174.14285714286,0.463287844390124,34373.7142857143,NA,475.428571428571,0.163697605452414
2021-04-04,"At Current Pace",98456.7142857142,NA,1174.14285714286,0.46887945350678,34849.1428571429,NA,475.428571428571,0.165961734317268
2021-04-05,"At Current Pace",99630.857142857,NA,1174.14285714286,0.474471062623436,35324.5714285715,NA,475.428571428571,0.168225863182122
2021-04-06,"At Current Pace",100805,NA,1174.14285714286,0.480062671740093,35800,NA,475.428571428571,0.170489992046975
2021-04-07,"At Current Pace",101979.142857143,NA,1174.14285714286,0.485654280856749,36275.4285714286,NA,475.428571428571,0.172754120911829
2021-04-08,"At Current Pace",103153.285714286,NA,1174.14285714286,0.491245889973406,36750.8571428572,NA,475.428571428571,0.175018249776683
2021-04-09,"At Current Pace",104327.428571428,NA,1174.14285714286,0.496837499090062,37226.2857142857,NA,475.428571428571,0.177282378641536
2021-04-10,"At Current Pace",105501.571428571,NA,1174.14285714286,0.502429108206718,37701.7142857143,NA,475.428571428571,0.17954650750639
2021-04-11,"At Current Pace",106675.714285714,NA,1174.14285714286,0.508020717323375,38177.1428571429,NA,475.428571428571,0.181810636371244
2021-04-12,"At Current Pace",107849.857142857,NA,1174.14285714286,0.513612326440031,38652.5714285715,NA,475.428571428571,0.184074765236098
2021-04-13,"At Current Pace",109024,NA,1174.14285714286,0.519203935556687,39128,NA,475.428571428571,0.186338894100951
2021-04-14,"At Current Pace",110198.142857143,NA,1174.14285714286,0.524795544673344,39603.4285714286,NA,475.428571428571,0.188603022965805
2021-04-15,"At Current Pace",111372.285714286,NA,1174.14285714286,0.53038715379,40078.8571428572,NA,475.428571428571,0.190867151830659
2021-04-16,"At Current Pace",112546.428571428,NA,1174.14285714286,0.535978762906656,40554.2857142858,NA,475.428571428571,0.193131280695512
2021-04-17,"At Current Pace",113720.571428571,NA,1174.14285714286,0.541570372023313,41029.7142857143,NA,475.428571428571,0.195395409560366
2021-04-18,"At Current Pace",114894.714285714,NA,1174.14285714286,0.547161981139969,41505.1428571429,NA,475.428571428571,0.19765953842522
2021-04-19,"At Current Pace",116068.857142857,NA,1174.14285714286,0.552753590256626,41980.5714285715,NA,475.428571428571,0.199923667290073
2021-04-20,"At Current Pace",117243,NA,1174.14285714286,0.558345199373282,42456,NA,475.428571428571,0.202187796154927
2021-04-21,"At Current Pace",118417.142857143,NA,1174.14285714286,0.563936808489938,42931.4285714286,NA,475.428571428571,0.204451925019781
2021-04-22,"At Current Pace",119591.285714286,NA,1174.14285714286,0.569528417606595,43406.8571428572,NA,475.428571428571,0.206716053884634
2021-04-23,"At Current Pace",120765.428571428,NA,1174.14285714286,0.575120026723251,43882.2857142858,NA,475.428571428571,0.208980182749488
2021-04-24,"At Current Pace",121939.571428571,NA,1174.14285714286,0.580711635839907,44357.7142857143,NA,475.428571428571,0.211244311614342
2021-04-25,"At Current Pace",123113.714285714,NA,1174.14285714286,0.586303244956564,44833.1428571429,NA,475.428571428571,0.213508440479195
2021-04-26,"At Current Pace",124287.857142857,NA,1174.14285714286,0.59189485407322,45308.5714285715,NA,475.428571428571,0.215772569344049
2021-04-27,"At Current Pace",125462,NA,1174.14285714286,0.597486463189877,45784.0000000001,NA,475.428571428571,0.218036698208903
2021-04-28,"At Current Pace",126636.142857143,NA,1174.14285714286,0.603078072306533,46259.4285714286,NA,475.428571428571,0.220300827073757
2021-04-29,"At Current Pace",127810.285714286,NA,1174.14285714286,0.608669681423189,46734.8571428572,NA,475.428571428571,0.22256495593861
2021-04-30,"At Current Pace",128984.428571428,NA,1174.14285714286,0.614261290539846,47210.2857142858,NA,475.428571428571,0.224829084803464
2021-05-01,"At Current Pace",130158.571428571,NA,1174.14285714286,0.619852899656502,47685.7142857143,NA,475.428571428571,0.227093213668318
2021-05-02,"At Current Pace",131332.714285714,NA,1174.14285714286,0.625444508773158,48161.1428571429,NA,475.428571428571,0.229357342533171
2021-05-03,"At Current Pace",132506.857142857,NA,1174.14285714286,0.631036117889815,48636.5714285715,NA,475.428571428571,0.231621471398025
2021-05-04,"At Current Pace",133681,NA,1174.14285714286,0.636627727006471,49112.0000000001,NA,475.428571428571,0.233885600262879
2021-05-05,"At Current Pace",134855.142857143,NA,1174.14285714286,0.642219336123128,49587.4285714286,NA,475.428571428571,0.236149729127732
2021-05-06,"At Current Pace",136029.285714286,NA,1174.14285714286,0.647810945239784,50062.8571428572,NA,475.428571428571,0.238413857992586
2021-05-07,"At Current Pace",137203.428571428,NA,1174.14285714286,0.653402554356441,50538.2857142858,NA,475.428571428571,0.24067798685744
2021-05-08,"At Current Pace",138377.571428571,NA,1174.14285714286,0.658994163473097,51013.7142857143,NA,475.428571428571,0.242942115722293
2021-05-09,"At Current Pace",139551.714285714,NA,1174.14285714286,0.664585772589754,51489.1428571429,NA,475.428571428571,0.245206244587147
2021-05-10,"At Current Pace",140725.857142857,NA,1174.14285714286,0.67017738170641,51964.5714285715,NA,475.428571428571,0.247470373452001
2021-05-11,"At Current Pace",141900,NA,1174.14285714286,0.675768990823067,52440.0000000001,NA,475.428571428571,0.249734502316855
2021-05-12,"At Current Pace",143074.142857143,NA,1174.14285714286,0.681360599939723,52915.4285714286,NA,475.428571428571,0.251998631181708
2021-05-13,"At Current Pace",144248.285714286,NA,1174.14285714286,0.686952209056379,53390.8571428572,NA,475.428571428571,0.254262760046562
2021-05-14,"At Current Pace",145422.428571429,NA,1174.14285714286,0.692543818173036,53866.2857142858,NA,475.428571428571,0.256526888911416
2021-05-15,"At Current Pace",146596.571428571,NA,1174.14285714286,0.698135427289692,54341.7142857144,NA,475.428571428571,0.258791017776269
2021-05-16,"At Current Pace",147770.714285714,NA,1174.14285714286,0.703727036406349,54817.1428571429,NA,475.428571428571,0.261055146641123
2021-05-17,"At Current Pace",148944.857142857,NA,1174.14285714286,0.709318645523005,55292.5714285715,NA,475.428571428571,0.263319275505977
2021-05-18,"At Current Pace",150119,NA,1174.14285714286,0.714910254639662,55768.0000000001,NA,475.428571428571,0.26558340437083
2021-05-19,"At Current Pace",151293.142857143,NA,1174.14285714286,0.720501863756318,56243.4285714286,NA,475.428571428571,0.267847533235684
2021-05-20,"At Current Pace",152467.285714286,NA,1174.14285714286,0.726093472872974,56718.8571428572,NA,475.428571428571,0.270111662100538
2021-05-21,"At Current Pace",153641.428571429,NA,1174.14285714286,0.731685081989631,57194.2857142858,NA,475.428571428571,0.272375790965391
2021-05-22,"At Current Pace",154815.571428572,NA,1174.14285714286,0.737276691106287,57669.7142857144,NA,475.428571428571,0.274639919830245
2021-05-23,"At Current Pace",155989.714285714,NA,1174.14285714286,0.742868300222944,58145.1428571429,NA,475.428571428571,0.276904048695099
2021-05-24,"At Current Pace",157163.857142857,NA,1174.14285714286,0.7484599093396,58620.5714285715,NA,475.428571428571,0.279168177559952
2021-05-25,"At Current Pace",158338,NA,1174.14285714286,0.754051518456257,59096.0000000001,NA,475.428571428571,0.281432306424806
2021-05-26,"At Current Pace",159512.142857143,NA,1174.14285714286,0.759643127572913,59571.4285714287,NA,475.428571428571,0.28369643528966
2021-05-27,"At Current Pace",160686.285714286,NA,1174.14285714286,0.76523473668957,60046.8571428572,NA,475.428571428571,0.285960564154514
2021-05-28,"At Current Pace",161860.428571429,NA,1174.14285714286,0.770826345806226,60522.2857142858,NA,475.428571428571,0.288224693019367
2021-05-29,"At Current Pace",163034.571428572,NA,1174.14285714286,0.776417954922882,60997.7142857144,NA,475.428571428571,0.290488821884221
2021-05-30,"At Current Pace",164208.714285714,NA,1174.14285714286,0.782009564039539,61473.1428571429,NA,475.428571428571,0.292752950749075
2021-05-31,"At Current Pace",165382.857142857,NA,1174.14285714286,0.787601173156195,61948.5714285715,NA,475.428571428571,0.295017079613928
2021-06-01,"At Current Pace",166557,NA,1174.14285714286,0.793192782272852,62424.0000000001,NA,475.428571428571,0.297281208478782
2021-06-02,"At Current Pace",167731.142857143,NA,1174.14285714286,0.798784391389508,62899.4285714287,NA,475.428571428571,0.299545337343636
2021-06-03,"At Current Pace",168905.285714286,NA,1174.14285714286,0.804376000506165,63374.8571428572,NA,475.428571428571,0.301809466208489
2021-06-04,"At Current Pace",170079.428571429,NA,1174.14285714286,0.809967609622821,63850.2857142858,NA,475.428571428571,0.304073595073343
2021-06-05,"At Current Pace",171253.571428572,NA,1174.14285714286,0.815559218739478,64325.7142857144,NA,475.428571428571,0.306337723938197
2021-06-06,"At Current Pace",172427.714285715,NA,1174.14285714286,0.821150827856134,64801.1428571429,NA,475.428571428571,0.30860185280305
2021-06-07,"At Current Pace",173601.857142857,NA,1174.14285714286,0.82674243697279,65276.5714285715,NA,475.428571428571,0.310865981667904
2021-06-08,"At Current Pace",174776,NA,1174.14285714286,0.832334046089447,65752.0000000001,NA,475.428571428571,0.313130110532758
2021-06-09,"At Current Pace",175950.142857143,NA,1174.14285714286,0.837925655206103,66227.4285714287,NA,475.428571428571,0.315394239397611
2021-06-10,"At Current Pace",177124.285714286,NA,1174.14285714286,0.84351726432276,66702.8571428572,NA,475.428571428571,0.317658368262465
2021-06-11,"At Current Pace",178298.428571429,NA,1174.14285714286,0.849108873439416,67178.2857142858,NA,475.428571428571,0.319922497127319
2021-06-12,"At Current Pace",179472.571428572,NA,1174.14285714286,0.854700482556073,67653.7142857143,NA,475.428571428571,0.322186625992172
2021-06-13,"At Current Pace",180646.714285715,NA,1174.14285714286,0.860292091672729,68129.1428571429,NA,475.428571428571,0.324450754857026
2021-06-14,"At Current Pace",181820.857142858,NA,1174.14285714286,0.865883700789385,68604.5714285715,NA,475.428571428571,0.32671488372188
2021-06-15,"At Current Pace",182995,NA,1174.14285714286,0.871475309906042,69080,NA,475.428571428571,0.328979012586733
2021-06-16,"At Current Pace",184169.142857143,NA,1174.14285714286,0.877066919022698,69555.4285714286,NA,475.428571428571,0.331243141451587
2021-06-17,"At Current Pace",185343.285714286,NA,1174.14285714286,0.882658528139355,70030.8571428572,NA,475.428571428571,0.333507270316441
2021-06-18,"At Current Pace",186517.428571429,NA,1174.14285714286,0.888250137256011,70506.2857142857,NA,475.428571428571,0.335771399181294
2021-06-19,"At Current Pace",187691.571428572,NA,1174.14285714286,0.893841746372668,70981.7142857143,NA,475.428571428571,0.338035528046148
2021-06-20,"At Current Pace",188865.714285715,NA,1174.14285714286,0.899433355489324,71457.1428571429,NA,475.428571428571,0.340299656911002
2021-06-21,"At Current Pace",190039.857142858,NA,1174.14285714286,0.905024964605981,71932.5714285714,NA,475.428571428571,0.342563785775855
2021-06-22,"At Current Pace",191214,NA,1174.14285714286,0.910616573722637,72408,NA,475.428571428571,0.344827914640709
2021-06-23,"At Current Pace",192388.142857143,NA,1174.14285714286,0.916208182839294,72883.4285714286,NA,475.428571428571,0.347092043505563
2021-06-24,"At Current Pace",193562.285714286,NA,1174.14285714286,0.92179979195595,73358.8571428571,NA,475.428571428571,0.349356172370416
2021-06-25,"At Current Pace",194736.428571429,NA,1174.14285714286,0.927391401072606,73834.2857142857,NA,475.428571428571,0.35162030123527
2021-06-26,"At Current Pace",195910.571428572,NA,1174.14285714286,0.932983010189263,74309.7142857143,NA,475.428571428571,0.353884430100124
2021-06-27,"At Current Pace",197084.714285715,NA,1174.14285714286,0.938574619305919,74785.1428571428,NA,475.428571428571,0.356148558964977
2021-06-28,"At Current Pace",198258.857142858,NA,1174.14285714286,0.944166228422576,75260.5714285714,NA,475.428571428571,0.358412687829831
2021-06-29,"At Current Pace",199433.000000001,NA,1174.14285714286,0.949757837539232,75736,NA,475.428571428571,0.360676816694685
2021-06-30,"At Current Pace",200607.142857143,NA,1174.14285714286,0.955349446655889,76211.4285714285,NA,475.428571428571,0.362940945559538
2021-07-01,"At Current Pace",201781.285714286,NA,1174.14285714286,0.960941055772545,76686.8571428571,NA,475.428571428571,0.365205074424392
2021-07-02,"At Current Pace",202955.428571429,NA,1174.14285714286,0.966532664889201,77162.2857142857,NA,475.428571428571,0.367469203289246
2021-07-03,"At Current Pace",204129.571428572,NA,1174.14285714286,0.972124274005858,77637.7142857142,NA,475.428571428571,0.369733332154099
2021-07-04,"At Current Pace",205303.714285715,NA,1174.14285714286,0.977715883122514,78113.1428571428,NA,475.428571428571,0.371997461018953
2021-07-05,"At Current Pace",206477.857142858,NA,1174.14285714286,0.983307492239171,78588.5714285713,NA,475.428571428571,0.374261589883807
2021-07-06,"At Current Pace",207652.000000001,NA,1174.14285714286,0.988899101355827,79063.9999999999,NA,475.428571428571,0.37652571874866
2021-07-07,"At Current Pace",208826.142857144,NA,1174.14285714286,0.994490710472484,79539.4285714285,NA,475.428571428571,0.378789847613514
2021-07-08,"At Current Pace",NA,NA,NA,NA,80014.857142857,NA,475.428571428571,0.381053976478368
2021-07-09,"At Current Pace",NA,NA,NA,NA,80490.2857142856,NA,475.428571428571,0.383318105343221
2021-07-10,"At Current Pace",NA,NA,NA,NA,80965.7142857142,NA,475.428571428571,0.385582234208075
2021-07-11,"At Current Pace",NA,NA,NA,NA,81441.1428571427,NA,475.428571428571,0.387846363072928
2021-07-12,"At Current Pace",NA,NA,NA,NA,81916.5714285713,NA,475.428571428571,0.390110491937782
2021-07-13,"At Current Pace",NA,NA,NA,NA,82391.9999999999,NA,475.428571428571,0.392374620802636
2021-07-14,"At Current Pace",NA,NA,NA,NA,82867.4285714284,NA,475.428571428571,0.394638749667489
2021-07-15,"At Current Pace",NA,NA,NA,NA,83342.857142857,NA,475.428571428571,0.396902878532343
2021-07-16,"At Current Pace",NA,NA,NA,NA,83818.2857142856,NA,475.428571428571,0.399167007397197
2021-07-17,"At Current Pace",NA,NA,NA,NA,84293.7142857141,NA,475.428571428571,0.40143113626205
2021-07-18,"At Current Pace",NA,NA,NA,NA,84769.1428571427,NA,475.428571428571,0.403695265126904
2021-07-19,"At Current Pace",NA,NA,NA,NA,85244.5714285713,NA,475.428571428571,0.405959393991758
2021-07-20,"At Current Pace",NA,NA,NA,NA,85719.9999999998,NA,475.428571428571,0.408223522856611
2021-07-21,"At Current Pace",NA,NA,NA,NA,86195.4285714284,NA,475.428571428571,0.410487651721465
2021-07-22,"At Current Pace",NA,NA,NA,NA,86670.857142857,NA,475.428571428571,0.412751780586319
2021-07-23,"At Current Pace",NA,NA,NA,NA,87146.2857142855,NA,475.428571428571,0.415015909451172
2021-07-24,"At Current Pace",NA,NA,NA,NA,87621.7142857141,NA,475.428571428571,0.417280038316026
2021-07-25,"At Current Pace",NA,NA,NA,NA,88097.1428571427,NA,475.428571428571,0.41954416718088
2021-07-26,"At Current Pace",NA,NA,NA,NA,88572.5714285712,NA,475.428571428571,0.421808296045733
2021-07-27,"At Current Pace",NA,NA,NA,NA,89047.9999999998,NA,475.428571428571,0.424072424910587
2021-07-28,"At Current Pace",NA,NA,NA,NA,89523.4285714283,NA,475.428571428571,0.426336553775441
2021-07-29,"At Current Pace",NA,NA,NA,NA,89998.8571428569,NA,475.428571428571,0.428600682640294
2021-07-30,"At Current Pace",NA,NA,NA,NA,90474.2857142855,NA,475.428571428571,0.430864811505148
2021-07-31,"At Current Pace",NA,NA,NA,NA,90949.714285714,NA,475.428571428571,0.433128940370002
2021-08-01,"At Current Pace",NA,NA,NA,NA,91425.1428571426,NA,475.428571428571,0.435393069234855
2021-08-02,"At Current Pace",NA,NA,NA,NA,91900.5714285712,NA,475.428571428571,0.437657198099709
2021-08-03,"At Current Pace",NA,NA,NA,NA,92375.9999999997,NA,475.428571428571,0.439921326964563
2021-08-04,"At Current Pace",NA,NA,NA,NA,92851.4285714283,NA,475.428571428571,0.442185455829416
2021-08-05,"At Current Pace",NA,NA,NA,NA,93326.8571428569,NA,475.428571428571,0.44444958469427
2021-08-06,"At Current Pace",NA,NA,NA,NA,93802.2857142854,NA,475.428571428571,0.446713713559124
2021-08-07,"At Current Pace",NA,NA,NA,NA,94277.714285714,NA,475.428571428571,0.448977842423977
2021-08-08,"At Current Pace",NA,NA,NA,NA,94753.1428571426,NA,475.428571428571,0.451241971288831
2021-08-09,"At Current Pace",NA,NA,NA,NA,95228.5714285711,NA,475.428571428571,0.453506100153684
2021-08-10,"At Current Pace",NA,NA,NA,NA,95703.9999999997,NA,475.428571428571,0.455770229018538
2021-08-11,"At Current Pace",NA,NA,NA,NA,96179.4285714283,NA,475.428571428571,0.458034357883392
2021-08-12,"At Current Pace",NA,NA,NA,NA,96654.8571428568,NA,475.428571428571,0.460298486748245
2021-08-13,"At Current Pace",NA,NA,NA,NA,97130.2857142854,NA,475.428571428571,0.462562615613099
2021-08-14,"At Current Pace",NA,NA,NA,NA,97605.714285714,NA,475.428571428571,0.464826744477953
2021-08-15,"At Current Pace",NA,NA,NA,NA,98081.1428571425,NA,475.428571428571,0.467090873342806
2021-08-16,"At Current Pace",NA,NA,NA,NA,98556.5714285711,NA,475.428571428571,0.46935500220766
2021-08-17,"At Current Pace",NA,NA,NA,NA,99031.9999999997,NA,475.428571428571,0.471619131072514
2021-08-18,"At Current Pace",NA,NA,NA,NA,99507.4285714282,NA,475.428571428571,0.473883259937367
2021-08-19,"At Current Pace",NA,NA,NA,NA,99982.8571428568,NA,475.428571428571,0.476147388802221
2021-08-20,"At Current Pace",NA,NA,NA,NA,100458.285714285,NA,475.428571428571,0.478411517667075
2021-08-21,"At Current Pace",NA,NA,NA,NA,100933.714285714,NA,475.428571428571,0.480675646531928
2021-08-22,"At Current Pace",NA,NA,NA,NA,101409.142857142,NA,475.428571428571,0.482939775396782
2021-08-23,"At Current Pace",NA,NA,NA,NA,101884.571428571,NA,475.428571428571,0.485203904261636
2021-08-24,"At Current Pace",NA,NA,NA,NA,102360,NA,475.428571428571,0.487468033126489
2021-08-25,"At Current Pace",NA,NA,NA,NA,102835.428571428,NA,475.428571428571,0.489732161991343
2021-08-26,"At Current Pace",NA,NA,NA,NA,103310.857142857,NA,475.428571428571,0.491996290856197
2021-08-27,"At Current Pace",NA,NA,NA,NA,103786.285714285,NA,475.428571428571,0.49426041972105
2021-08-28,"At Current Pace",NA,NA,NA,NA,104261.714285714,NA,475.428571428571,0.496524548585904
2021-08-29,"At Current Pace",NA,NA,NA,NA,104737.142857142,NA,475.428571428571,0.498788677450758
2021-08-30,"At Current Pace",NA,NA,NA,NA,105212.571428571,NA,475.428571428571,0.501052806315611
2021-08-31,"At Current Pace",NA,NA,NA,NA,105688,NA,475.428571428571,0.503316935180465
2021-09-01,"At Current Pace",NA,NA,NA,NA,106163.428571428,NA,475.428571428571,0.505581064045319
2021-09-02,"At Current Pace",NA,NA,NA,NA,106638.857142857,NA,475.428571428571,0.507845192910172
2021-09-03,"At Current Pace",NA,NA,NA,NA,107114.285714285,NA,475.428571428571,0.510109321775026
2021-09-04,"At Current Pace",NA,NA,NA,NA,107589.714285714,NA,475.428571428571,0.512373450639879
2021-09-05,"At Current Pace",NA,NA,NA,NA,108065.142857142,NA,475.428571428571,0.514637579504733
2021-09-06,"At Current Pace",NA,NA,NA,NA,108540.571428571,NA,475.428571428571,0.516901708369587
2021-09-07,"At Current Pace",NA,NA,NA,NA,109016,NA,475.428571428571,0.519165837234441
2021-09-08,"At Current Pace",NA,NA,NA,NA,109491.428571428,NA,475.428571428571,0.521429966099294
2021-09-09,"At Current Pace",NA,NA,NA,NA,109966.857142857,NA,475.428571428571,0.523694094964148
2021-09-10,"At Current Pace",NA,NA,NA,NA,110442.285714285,NA,475.428571428571,0.525958223829001
2021-09-11,"At Current Pace",NA,NA,NA,NA,110917.714285714,NA,475.428571428571,0.528222352693855
2021-09-12,"At Current Pace",NA,NA,NA,NA,111393.142857142,NA,475.428571428571,0.530486481558709
2021-09-13,"At Current Pace",NA,NA,NA,NA,111868.571428571,NA,475.428571428571,0.532750610423562
2021-09-14,"At Current Pace",NA,NA,NA,NA,112343.999999999,NA,475.428571428571,0.535014739288416
2021-09-15,"At Current Pace",NA,NA,NA,NA,112819.428571428,NA,475.428571428571,0.53727886815327
2021-09-16,"At Current Pace",NA,NA,NA,NA,113294.857142857,NA,475.428571428571,0.539542997018123
2021-09-17,"At Current Pace",NA,NA,NA,NA,113770.285714285,NA,475.428571428571,0.541807125882977
2021-09-18,"At Current Pace",NA,NA,NA,NA,114245.714285714,NA,475.428571428571,0.544071254747831
2021-09-19,"At Current Pace",NA,NA,NA,NA,114721.142857142,NA,475.428571428571,0.546335383612684
2021-09-20,"At Current Pace",NA,NA,NA,NA,115196.571428571,NA,475.428571428571,0.548599512477538
2021-09-21,"At Current Pace",NA,NA,NA,NA,115671.999999999,NA,475.428571428571,0.550863641342392
2021-09-22,"At Current Pace",NA,NA,NA,NA,116147.428571428,NA,475.428571428571,0.553127770207245
2021-09-23,"At Current Pace",NA,NA,NA,NA,116622.857142857,NA,475.428571428571,0.555391899072099
2021-09-24,"At Current Pace",NA,NA,NA,NA,117098.285714285,NA,475.428571428571,0.557656027936953
2021-09-25,"At Current Pace",NA,NA,NA,NA,117573.714285714,NA,475.428571428571,0.559920156801806
2021-09-26,"At Current Pace",NA,NA,NA,NA,118049.142857142,NA,475.428571428571,0.56218428566666
2021-09-27,"At Current Pace",NA,NA,NA,NA,118524.571428571,NA,475.428571428571,0.564448414531514
2021-09-28,"At Current Pace",NA,NA,NA,NA,118999.999999999,NA,475.428571428571,0.566712543396367
2021-09-29,"At Current Pace",NA,NA,NA,NA,119475.428571428,NA,475.428571428571,0.568976672261221
2021-09-30,"At Current Pace",NA,NA,NA,NA,119950.857142857,NA,475.428571428571,0.571240801126075
2021-10-01,"At Current Pace",NA,NA,NA,NA,120426.285714285,NA,475.428571428571,0.573504929990928
2021-10-02,"At Current Pace",NA,NA,NA,NA,120901.714285714,NA,475.428571428571,0.575769058855782
2021-10-03,"At Current Pace",NA,NA,NA,NA,121377.142857142,NA,475.428571428571,0.578033187720635
2021-10-04,"At Current Pace",NA,NA,NA,NA,121852.571428571,NA,475.428571428571,0.580297316585489
2021-10-05,"At Current Pace",NA,NA,NA,NA,122327.999999999,NA,475.428571428571,0.582561445450343
2021-10-06,"At Current Pace",NA,NA,NA,NA,122803.428571428,NA,475.428571428571,0.584825574315197
2021-10-07,"At Current Pace",NA,NA,NA,NA,123278.857142856,NA,475.428571428571,0.58708970318005
2021-10-08,"At Current Pace",NA,NA,NA,NA,123754.285714285,NA,475.428571428571,0.589353832044904
2021-10-09,"At Current Pace",NA,NA,NA,NA,124229.714285714,NA,475.428571428571,0.591617960909757
2021-10-10,"At Current Pace",NA,NA,NA,NA,124705.142857142,NA,475.428571428571,0.593882089774611
2021-10-11,"At Current Pace",NA,NA,NA,NA,125180.571428571,NA,475.428571428571,0.596146218639465
2021-10-12,"At Current Pace",NA,NA,NA,NA,125655.999999999,NA,475.428571428571,0.598410347504318
2021-10-13,"At Current Pace",NA,NA,NA,NA,126131.428571428,NA,475.428571428571,0.600674476369172
2021-10-14,"At Current Pace",NA,NA,NA,NA,126606.857142856,NA,475.428571428571,0.602938605234026
2021-10-15,"At Current Pace",NA,NA,NA,NA,127082.285714285,NA,475.428571428571,0.605202734098879
2021-10-16,"At Current Pace",NA,NA,NA,NA,127557.714285714,NA,475.428571428571,0.607466862963733
2021-10-17,"At Current Pace",NA,NA,NA,NA,128033.142857142,NA,475.428571428571,0.609730991828587
2021-10-18,"At Current Pace",NA,NA,NA,NA,128508.571428571,NA,475.428571428571,0.61199512069344
2021-10-19,"At Current Pace",NA,NA,NA,NA,128983.999999999,NA,475.428571428571,0.614259249558294
2021-10-20,"At Current Pace",NA,NA,NA,NA,129459.428571428,NA,475.428571428571,0.616523378423148
2021-10-21,"At Current Pace",NA,NA,NA,NA,129934.857142856,NA,475.428571428571,0.618787507288001
2021-10-22,"At Current Pace",NA,NA,NA,NA,130410.285714285,NA,475.428571428571,0.621051636152855
2021-10-23,"At Current Pace",NA,NA,NA,NA,130885.714285714,NA,475.428571428571,0.623315765017709
2021-10-24,"At Current Pace",NA,NA,NA,NA,131361.142857142,NA,475.428571428571,0.625579893882562
2021-10-25,"At Current Pace",NA,NA,NA,NA,131836.571428571,NA,475.428571428571,0.627844022747416
2021-10-26,"At Current Pace",NA,NA,NA,NA,132311.999999999,NA,475.428571428571,0.63010815161227
2021-10-27,"At Current Pace",NA,NA,NA,NA,132787.428571428,NA,475.428571428571,0.632372280477123
2021-10-28,"At Current Pace",NA,NA,NA,NA,133262.857142856,NA,475.428571428571,0.634636409341977
2021-10-29,"At Current Pace",NA,NA,NA,NA,133738.285714285,NA,475.428571428571,0.636900538206831
2021-10-30,"At Current Pace",NA,NA,NA,NA,134213.714285714,NA,475.428571428571,0.639164667071685
2021-10-31,"At Current Pace",NA,NA,NA,NA,134689.142857142,NA,475.428571428571,0.641428795936538
2021-11-01,"At Current Pace",NA,NA,NA,NA,135164.571428571,NA,475.428571428571,0.643692924801392
2021-11-02,"At Current Pace",NA,NA,NA,NA,135639.999999999,NA,475.428571428571,0.645957053666246
2021-11-03,"At Current Pace",NA,NA,NA,NA,136115.428571428,NA,475.428571428571,0.6482211825311
2021-11-04,"At Current Pace",NA,NA,NA,NA,136590.857142856,NA,475.428571428571,0.650485311395953
2021-11-05,"At Current Pace",NA,NA,NA,NA,137066.285714285,NA,475.428571428571,0.652749440260807
2021-11-06,"At Current Pace",NA,NA,NA,NA,137541.714285714,NA,475.428571428571,0.655013569125661
2021-11-07,"At Current Pace",NA,NA,NA,NA,138017.142857142,NA,475.428571428571,0.657277697990514
2021-11-08,"At Current Pace",NA,NA,NA,NA,138492.571428571,NA,475.428571428571,0.659541826855368
2021-11-09,"At Current Pace",NA,NA,NA,NA,138967.999999999,NA,475.428571428571,0.661805955720222
2021-11-10,"At Current Pace",NA,NA,NA,NA,139443.428571428,NA,475.428571428571,0.664070084585076
2021-11-11,"At Current Pace",NA,NA,NA,NA,139918.857142857,NA,475.428571428571,0.666334213449929
2021-11-12,"At Current Pace",NA,NA,NA,NA,140394.285714285,NA,475.428571428571,0.668598342314783
2021-11-13,"At Current Pace",NA,NA,NA,NA,140869.714285714,NA,475.428571428571,0.670862471179637
2021-11-14,"At Current Pace",NA,NA,NA,NA,141345.142857142,NA,475.428571428571,0.673126600044491
2021-11-15,"At Current Pace",NA,NA,NA,NA,141820.571428571,NA,475.428571428571,0.675390728909344
2021-11-16,"At Current Pace",NA,NA,NA,NA,142295.999999999,NA,475.428571428571,0.677654857774198
2021-11-17,"At Current Pace",NA,NA,NA,NA,142771.428571428,NA,475.428571428571,0.679918986639052
2021-11-18,"At Current Pace",NA,NA,NA,NA,143246.857142857,NA,475.428571428571,0.682183115503905
2021-11-19,"At Current Pace",NA,NA,NA,NA,143722.285714285,NA,475.428571428571,0.684447244368759
2021-11-20,"At Current Pace",NA,NA,NA,NA,144197.714285714,NA,475.428571428571,0.686711373233613
2021-11-21,"At Current Pace",NA,NA,NA,NA,144673.142857142,NA,475.428571428571,0.688975502098467
2021-11-22,"At Current Pace",NA,NA,NA,NA,145148.571428571,NA,475.428571428571,0.69123963096332
2021-11-23,"At Current Pace",NA,NA,NA,NA,145623.999999999,NA,475.428571428571,0.693503759828174
2021-11-24,"At Current Pace",NA,NA,NA,NA,146099.428571428,NA,475.428571428571,0.695767888693028
2021-11-25,"At Current Pace",NA,NA,NA,NA,146574.857142857,NA,475.428571428571,0.698032017557881
2021-11-26,"At Current Pace",NA,NA,NA,NA,147050.285714285,NA,475.428571428571,0.700296146422735
2021-11-27,"At Current Pace",NA,NA,NA,NA,147525.714285714,NA,475.428571428571,0.702560275287589
2021-11-28,"At Current Pace",NA,NA,NA,NA,148001.142857142,NA,475.428571428571,0.704824404152443
2021-11-29,"At Current Pace",NA,NA,NA,NA,148476.571428571,NA,475.428571428571,0.707088533017296
2021-11-30,"At Current Pace",NA,NA,NA,NA,148952,NA,475.428571428571,0.70935266188215
2021-12-01,"At Current Pace",NA,NA,NA,NA,149427.428571428,NA,475.428571428571,0.711616790747004
2021-12-02,"At Current Pace",NA,NA,NA,NA,149902.857142857,NA,475.428571428571,0.713880919611858
2021-12-03,"At Current Pace",NA,NA,NA,NA,150378.285714285,NA,475.428571428571,0.716145048476711
2021-12-04,"At Current Pace",NA,NA,NA,NA,150853.714285714,NA,475.428571428571,0.718409177341565
2021-12-05,"At Current Pace",NA,NA,NA,NA,151329.142857142,NA,475.428571428571,0.720673306206419
2021-12-06,"At Current Pace",NA,NA,NA,NA,151804.571428571,NA,475.428571428571,0.722937435071273
2021-12-07,"At Current Pace",NA,NA,NA,NA,152280,NA,475.428571428571,0.725201563936126
2021-12-08,"At Current Pace",NA,NA,NA,NA,152755.428571428,NA,475.428571428571,0.72746569280098
2021-12-09,"At Current Pace",NA,NA,NA,NA,153230.857142857,NA,475.428571428571,0.729729821665834
2021-12-10,"At Current Pace",NA,NA,NA,NA,153706.285714285,NA,475.428571428571,0.731993950530687
2021-12-11,"At Current Pace",NA,NA,NA,NA,154181.714285714,NA,475.428571428571,0.734258079395541
2021-12-12,"At Current Pace",NA,NA,NA,NA,154657.142857142,NA,475.428571428571,0.736522208260395
2021-12-13,"At Current Pace",NA,NA,NA,NA,155132.571428571,NA,475.428571428571,0.738786337125249
2021-12-14,"At Current Pace",NA,NA,NA,NA,155608,NA,475.428571428571,0.741050465990102
2021-12-15,"At Current Pace",NA,NA,NA,NA,156083.428571428,NA,475.428571428571,0.743314594854956
2021-12-16,"At Current Pace",NA,NA,NA,NA,156558.857142857,NA,475.428571428571,0.74557872371981
2021-12-17,"At Current Pace",NA,NA,NA,NA,157034.285714285,NA,475.428571428571,0.747842852584663
2021-12-18,"At Current Pace",NA,NA,NA,NA,157509.714285714,NA,475.428571428571,0.750106981449517
2021-12-19,"At Current Pace",NA,NA,NA,NA,157985.142857143,NA,475.428571428571,0.752371110314371
2021-12-20,"At Current Pace",NA,NA,NA,NA,158460.571428571,NA,475.428571428571,0.754635239179225
2021-12-21,"At Current Pace",NA,NA,NA,NA,158936,NA,475.428571428571,0.756899368044078
2021-12-22,"At Current Pace",NA,NA,NA,NA,159411.428571428,NA,475.428571428571,0.759163496908932
2021-12-23,"At Current Pace",NA,NA,NA,NA,159886.857142857,NA,475.428571428571,0.761427625773786
2021-12-24,"At Current Pace",NA,NA,NA,NA,160362.285714285,NA,475.428571428571,0.76369175463864
2021-12-25,"At Current Pace",NA,NA,NA,NA,160837.714285714,NA,475.428571428571,0.765955883503493
2021-12-26,"At Current Pace",NA,NA,NA,NA,161313.142857143,NA,475.428571428571,0.768220012368347
2021-12-27,"At Current Pace",NA,NA,NA,NA,161788.571428571,NA,475.428571428571,0.770484141233201
2021-12-28,"At Current Pace",NA,NA,NA,NA,162264,NA,475.428571428571,0.772748270098054
2021-12-29,"At Current Pace",NA,NA,NA,NA,162739.428571428,NA,475.428571428571,0.775012398962908
2021-12-30,"At Current Pace",NA,NA,NA,NA,163214.857142857,NA,475.428571428571,0.777276527827762
2021-12-31,"At Current Pace",NA,NA,NA,NA,163690.285714286,NA,475.428571428571,0.779540656692616
2022-01-01,"At Current Pace",NA,NA,NA,NA,164165.714285714,NA,475.428571428571,0.781804785557469
2022-01-02,"At Current Pace",NA,NA,NA,NA,164641.142857143,NA,475.428571428571,0.784068914422323
2022-01-03,"At Current Pace",NA,NA,NA,NA,165116.571428571,NA,475.428571428571,0.786333043287177
2022-01-04,"At Current Pace",NA,NA,NA,NA,165592,NA,475.428571428571,0.788597172152031
2022-01-05,"At Current Pace",NA,NA,NA,NA,166067.428571428,NA,475.428571428571,0.790861301016884
2022-01-06,"At Current Pace",NA,NA,NA,NA,166542.857142857,NA,475.428571428571,0.793125429881738
2022-01-07,"At Current Pace",NA,NA,NA,NA,167018.285714286,NA,475.428571428571,0.795389558746592
2022-01-08,"At Current Pace",NA,NA,NA,NA,167493.714285714,NA,475.428571428571,0.797653687611445
2022-01-09,"At Current Pace",NA,NA,NA,NA,167969.142857143,NA,475.428571428571,0.799917816476299
2022-01-10,"At Current Pace",NA,NA,NA,NA,168444.571428571,NA,475.428571428571,0.802181945341153
2022-01-11,"At Current Pace",NA,NA,NA,NA,168920,NA,475.428571428571,0.804446074206007
2022-01-12,"At Current Pace",NA,NA,NA,NA,169395.428571428,NA,475.428571428571,0.80671020307086
2022-01-13,"At Current Pace",NA,NA,NA,NA,169870.857142857,NA,475.428571428571,0.808974331935714
2022-01-14,"At Current Pace",NA,NA,NA,NA,170346.285714286,NA,475.428571428571,0.811238460800568
2022-01-15,"At Current Pace",NA,NA,NA,NA,170821.714285714,NA,475.428571428571,0.813502589665422
2022-01-16,"At Current Pace",NA,NA,NA,NA,171297.142857143,NA,475.428571428571,0.815766718530275
2022-01-17,"At Current Pace",NA,NA,NA,NA,171772.571428571,NA,475.428571428571,0.818030847395129
2022-01-18,"At Current Pace",NA,NA,NA,NA,172248,NA,475.428571428571,0.820294976259983
2022-01-19,"At Current Pace",NA,NA,NA,NA,172723.428571429,NA,475.428571428571,0.822559105124836
2022-01-20,"At Current Pace",NA,NA,NA,NA,173198.857142857,NA,475.428571428571,0.82482323398969
2022-01-21,"At Current Pace",NA,NA,NA,NA,173674.285714286,NA,475.428571428571,0.827087362854544
2022-01-22,"At Current Pace",NA,NA,NA,NA,174149.714285714,NA,475.428571428571,0.829351491719398
2022-01-23,"At Current Pace",NA,NA,NA,NA,174625.142857143,NA,475.428571428571,0.831615620584251
2022-01-24,"At Current Pace",NA,NA,NA,NA,175100.571428571,NA,475.428571428571,0.833879749449105
2022-01-25,"At Current Pace",NA,NA,NA,NA,175576,NA,475.428571428571,0.836143878313959
2022-01-26,"At Current Pace",NA,NA,NA,NA,176051.428571429,NA,475.428571428571,0.838408007178812
2022-01-27,"At Current Pace",NA,NA,NA,NA,176526.857142857,NA,475.428571428571,0.840672136043666
2022-01-28,"At Current Pace",NA,NA,NA,NA,177002.285714286,NA,475.428571428571,0.84293626490852
2022-01-29,"At Current Pace",NA,NA,NA,NA,177477.714285714,NA,475.428571428571,0.845200393773374
2022-01-30,"At Current Pace",NA,NA,NA,NA,177953.142857143,NA,475.428571428571,0.847464522638227
2022-01-31,"At Current Pace",NA,NA,NA,NA,178428.571428571,NA,475.428571428571,0.849728651503081
2022-02-01,"At Current Pace",NA,NA,NA,NA,178904,NA,475.428571428571,0.851992780367935
2022-02-02,"At Current Pace",NA,NA,NA,NA,179379.428571429,NA,475.428571428571,0.854256909232789
2022-02-03,"At Current Pace",NA,NA,NA,NA,179854.857142857,NA,475.428571428571,0.856521038097642
2022-02-04,"At Current Pace",NA,NA,NA,NA,180330.285714286,NA,475.428571428571,0.858785166962496
2022-02-05,"At Current Pace",NA,NA,NA,NA,180805.714285714,NA,475.428571428571,0.86104929582735
2022-02-06,"At Current Pace",NA,NA,NA,NA,181281.142857143,NA,475.428571428571,0.863313424692203
2022-02-07,"At Current Pace",NA,NA,NA,NA,181756.571428572,NA,475.428571428571,0.865577553557057
2022-02-08,"At Current Pace",NA,NA,NA,NA,182232,NA,475.428571428571,0.867841682421911
2022-02-09,"At Current Pace",NA,NA,NA,NA,182707.428571429,NA,475.428571428571,0.870105811286765
2022-02-10,"At Current Pace",NA,NA,NA,NA,183182.857142857,NA,475.428571428571,0.872369940151618
2022-02-11,"At Current Pace",NA,NA,NA,NA,183658.285714286,NA,475.428571428571,0.874634069016472
2022-02-12,"At Current Pace",NA,NA,NA,NA,184133.714285714,NA,475.428571428571,0.876898197881326
2022-02-13,"At Current Pace",NA,NA,NA,NA,184609.142857143,NA,475.428571428571,0.87916232674618
2022-02-14,"At Current Pace",NA,NA,NA,NA,185084.571428572,NA,475.428571428571,0.881426455611033
2022-02-15,"At Current Pace",NA,NA,NA,NA,185560,NA,475.428571428571,0.883690584475887
2022-02-16,"At Current Pace",NA,NA,NA,NA,186035.428571429,NA,475.428571428571,0.885954713340741
2022-02-17,"At Current Pace",NA,NA,NA,NA,186510.857142857,NA,475.428571428571,0.888218842205594
2022-02-18,"At Current Pace",NA,NA,NA,NA,186986.285714286,NA,475.428571428571,0.890482971070448
2022-02-19,"At Current Pace",NA,NA,NA,NA,187461.714285714,NA,475.428571428571,0.892747099935302
2022-02-20,"At Current Pace",NA,NA,NA,NA,187937.142857143,NA,475.428571428571,0.895011228800156
2022-02-21,"At Current Pace",NA,NA,NA,NA,188412.571428572,NA,475.428571428571,0.897275357665009
2022-02-22,"At Current Pace",NA,NA,NA,NA,188888,NA,475.428571428571,0.899539486529863
2022-02-23,"At Current Pace",NA,NA,NA,NA,189363.428571429,NA,475.428571428571,0.901803615394717
2022-02-24,"At Current Pace",NA,NA,NA,NA,189838.857142857,NA,475.428571428571,0.90406774425957
2022-02-25,"At Current Pace",NA,NA,NA,NA,190314.285714286,NA,475.428571428571,0.906331873124424
2022-02-26,"At Current Pace",NA,NA,NA,NA,190789.714285715,NA,475.428571428571,0.908596001989278
2022-02-27,"At Current Pace",NA,NA,NA,NA,191265.142857143,NA,475.428571428571,0.910860130854132
2022-02-28,"At Current Pace",NA,NA,NA,NA,191740.571428572,NA,475.428571428571,0.913124259718985
2022-03-01,"At Current Pace",NA,NA,NA,NA,192216,NA,475.428571428571,0.915388388583839
2022-03-02,"At Current Pace",NA,NA,NA,NA,192691.428571429,NA,475.428571428571,0.917652517448693
2022-03-03,"At Current Pace",NA,NA,NA,NA,193166.857142857,NA,475.428571428571,0.919916646313547
2022-03-04,"At Current Pace",NA,NA,NA,NA,193642.285714286,NA,475.428571428571,0.9221807751784
2022-03-05,"At Current Pace",NA,NA,NA,NA,194117.714285715,NA,475.428571428571,0.924444904043254
2022-03-06,"At Current Pace",NA,NA,NA,NA,194593.142857143,NA,475.428571428571,0.926709032908108
2022-03-07,"At Current Pace",NA,NA,NA,NA,195068.571428572,NA,475.428571428571,0.928973161772962
2022-03-08,"At Current Pace",NA,NA,NA,NA,195544,NA,475.428571428571,0.931237290637815
2022-03-09,"At Current Pace",NA,NA,NA,NA,196019.428571429,NA,475.428571428571,0.933501419502669
2022-03-10,"At Current Pace",NA,NA,NA,NA,196494.857142858,NA,475.428571428571,0.935765548367523
2022-03-11,"At Current Pace",NA,NA,NA,NA,196970.285714286,NA,475.428571428571,0.938029677232376
2022-03-12,"At Current Pace",NA,NA,NA,NA,197445.714285715,NA,475.428571428571,0.94029380609723
2022-03-13,"At Current Pace",NA,NA,NA,NA,197921.142857143,NA,475.428571428571,0.942557934962084
2022-03-14,"At Current Pace",NA,NA,NA,NA,198396.571428572,NA,475.428571428571,0.944822063826938
2022-03-15,"At Current Pace",NA,NA,NA,NA,198872,NA,475.428571428571,0.947086192691791
2022-03-16,"At Current Pace",NA,NA,NA,NA,199347.428571429,NA,475.428571428571,0.949350321556645
2022-03-17,"At Current Pace",NA,NA,NA,NA,199822.857142858,NA,475.428571428571,0.951614450421499
2022-03-18,"At Current Pace",NA,NA,NA,NA,200298.285714286,NA,475.428571428571,0.953878579286352
2022-03-19,"At Current Pace",NA,NA,NA,NA,200773.714285715,NA,475.428571428571,0.956142708151206
2022-03-20,"At Current Pace",NA,NA,NA,NA,201249.142857143,NA,475.428571428571,0.95840683701606
2022-03-21,"At Current Pace",NA,NA,NA,NA,201724.571428572,NA,475.428571428571,0.960670965880914
2022-03-22,"At Current Pace",NA,NA,NA,NA,202200,NA,475.428571428571,0.962935094745767
2022-03-23,"At Current Pace",NA,NA,NA,NA,202675.428571429,NA,475.428571428571,0.965199223610621
2022-03-24,"At Current Pace",NA,NA,NA,NA,203150.857142858,NA,475.428571428571,0.967463352475475
2022-03-25,"At Current Pace",NA,NA,NA,NA,203626.285714286,NA,475.428571428571,0.969727481340328
2022-03-26,"At Current Pace",NA,NA,NA,NA,204101.714285715,NA,475.428571428571,0.971991610205182
2022-03-27,"At Current Pace",NA,NA,NA,NA,204577.142857143,NA,475.428571428571,0.974255739070036
2022-03-28,"At Current Pace",NA,NA,NA,NA,205052.571428572,NA,475.428571428571,0.97651986793489
2022-03-29,"At Current Pace",NA,NA,NA,NA,205528.000000001,NA,475.428571428571,0.978783996799743
2022-03-30,"At Current Pace",NA,NA,NA,NA,206003.428571429,NA,475.428571428571,0.981048125664597
2022-03-31,"At Current Pace",NA,NA,NA,NA,206478.857142858,NA,475.428571428571,0.983312254529451
2022-04-01,"At Current Pace",NA,NA,NA,NA,206954.285714286,NA,475.428571428571,0.985576383394305
2022-04-02,"At Current Pace",NA,NA,NA,NA,207429.714285715,NA,475.428571428571,0.987840512259158
2022-04-03,"At Current Pace",NA,NA,NA,NA,207905.142857143,NA,475.428571428571,0.990104641124012
2022-04-04,"At Current Pace",NA,NA,NA,NA,208380.571428572,NA,475.428571428571,0.992368769988866
2022-04-05,"At Current Pace",NA,NA,NA,NA,208856.000000001,NA,475.428571428571,0.99463289885372
2022-04-06,"At Current Pace",NA,NA,NA,NA,209331.428571429,NA,475.428571428571,0.996897027718573
2022-04-07,"At Current Pace",NA,NA,NA,NA,209806.857142858,NA,475.428571428571,0.999161156583427
